/*******************************************************************************
 * Size: 12 px
 * Bpp: 4
 * Opts: --bpp 4 --size 12 --no-compress --use-color-info --stride 1 --align 1 --font BeVietnamPro-Regular.ttf --symbols lượng --range 32-127,192-255,256-383,7840-7929 --format lvgl -o font_inter_12.c
 ******************************************************************************/

#ifdef __has_include
    #if __has_include("lvgl.h")
        #ifndef LV_LVGL_H_INCLUDE_SIMPLE
            #define LV_LVGL_H_INCLUDE_SIMPLE
        #endif
    #endif
#endif

#ifdef LV_LVGL_H_INCLUDE_SIMPLE
    #include "lvgl.h"
#else
    #include "lvgl/lvgl.h"
#endif



#ifndef FONT_INTER_12
#define FONT_INTER_12 1
#endif

#if FONT_INTER_12

/*-----------------
 *    BITMAPS
 *----------------*/

/*Store the image of the glyphs*/
static LV_ATTRIBUTE_LARGE_CONST const uint8_t glyph_bitmap[] = {
    /* U+0020 " " */

    /* U+0021 "!" */
    0xe, 0x30, 0xe3, 0xe, 0x30, 0xd3, 0xd, 0x30,
    0xd3, 0xd, 0x20, 0x10, 0x7, 0x10, 0xd4,

    /* U+0022 "\"" */
    0x2d, 0x87, 0x3a, 0x85, 0x25, 0x61,

    /* U+0023 "#" */
    0x0, 0x5, 0xb0, 0x6a, 0x0, 0x0, 0x8, 0x80,
    0x97, 0x0, 0x0, 0xa, 0x60, 0xb5, 0x0, 0xa,
    0xff, 0xff, 0xff, 0xf0, 0x1, 0x3f, 0x23, 0xf2,
    0x10, 0x0, 0x3d, 0x4, 0xc0, 0x0, 0x4f, 0xff,
    0xff, 0xff, 0x50, 0x12, 0xa8, 0x2b, 0x72, 0x0,
    0x0, 0xc4, 0xd, 0x30, 0x0, 0x0, 0xf1, 0xf,
    0x0, 0x0,

    /* U+0024 "$" */
    0x0, 0x7, 0x70, 0x0, 0x0, 0x8d, 0xd6, 0x0,
    0xb, 0xca, 0xbe, 0x80, 0xf, 0x27, 0x74, 0xf0,
    0xf, 0x67, 0x70, 0x0, 0x4, 0xef, 0xc4, 0x0,
    0x0, 0x9, 0xbd, 0xa0, 0x26, 0x7, 0x71, 0xf0,
    0x2f, 0x17, 0x72, 0xf1, 0xa, 0xdc, 0xbe, 0xa0,
    0x0, 0x7d, 0xd7, 0x0, 0x0, 0x7, 0x70, 0x0,

    /* U+0025 "%" */
    0x8, 0xea, 0x0, 0x5b, 0x0, 0x2c, 0xa, 0x50,
    0xd4, 0x0, 0x2c, 0xa, 0x44, 0xd0, 0x0, 0x7,
    0xd9, 0xc, 0x50, 0x0, 0x0, 0x0, 0x3d, 0x0,
    0x0, 0x0, 0x0, 0xb6, 0x0, 0x0, 0x0, 0x2,
    0xe0, 0x7e, 0xa0, 0x0, 0xa, 0x72, 0xd0, 0xa6,
    0x0, 0x1e, 0x12, 0xc0, 0x85, 0x0, 0x98, 0x0,
    0x8c, 0xb0,

    /* U+0026 "&" */
    0x0, 0x7f, 0xc2, 0x0, 0x0, 0x3d, 0x16, 0xc0,
    0x0, 0x5, 0xb0, 0x3c, 0x0, 0x0, 0x1f, 0x4c,
    0x60, 0x0, 0x0, 0xaf, 0x70, 0x27, 0x0, 0x9b,
    0xab, 0x4, 0xb0, 0x1e, 0x0, 0xc9, 0x78, 0x3,
    0xe0, 0x1, 0xef, 0x30, 0xe, 0x81, 0x2b, 0xf3,
    0x0, 0x2c, 0xfe, 0x87, 0xe1,

    /* U+0027 "'" */
    0x2d, 0x3a, 0x25,

    /* U+0028 "(" */
    0x0, 0x5, 0x80, 0x9, 0xe5, 0x4, 0xf2, 0x0,
    0xc8, 0x0, 0x1f, 0x20, 0x3, 0xf0, 0x0, 0x4d,
    0x0, 0x4, 0xe0, 0x0, 0x2f, 0x0, 0x0, 0xf3,
    0x0, 0xa, 0x90, 0x0, 0x2f, 0x40, 0x0, 0x5f,
    0x70, 0x0, 0x25,

    /* U+0029 ")" */
    0x58, 0x0, 0x2, 0xcc, 0x0, 0x0, 0xd8, 0x0,
    0x3, 0xf0, 0x0, 0xe, 0x50, 0x0, 0xb7, 0x0,
    0x9, 0x90, 0x0, 0xa8, 0x0, 0xb, 0x60, 0x0,
    0xf4, 0x0, 0x5e, 0x0, 0x1e, 0x60, 0x4e, 0x90,
    0x3, 0x40, 0x0,

    /* U+002A "*" */
    0x0, 0x76, 0x0, 0x35, 0x77, 0x52, 0x3a, 0xff,
    0xa2, 0x2, 0xde, 0x20, 0x9, 0x45, 0x90, 0x0,
    0x0, 0x0,

    /* U+002B "+" */
    0x0, 0xa1, 0x0, 0xd, 0x20, 0x8e, 0xfe, 0xc1,
    0x1d, 0x31, 0x0, 0xd2, 0x0,

    /* U+002C "," */
    0xb, 0x80, 0x77, 0x9, 0x0,

    /* U+002D "-" */
    0x8f, 0xff, 0xd1, 0x11, 0x11,

    /* U+002E "." */
    0x8, 0x20, 0xd5,

    /* U+002F "/" */
    0x0, 0x0, 0x35, 0x0, 0x0, 0xb6, 0x0, 0x0,
    0xf1, 0x0, 0x5, 0xb0, 0x0, 0xb, 0x60, 0x0,
    0xf, 0x10, 0x0, 0x5b, 0x0, 0x0, 0xb6, 0x0,
    0x0, 0xf1, 0x0, 0x5, 0xb0, 0x0, 0xa, 0x60,
    0x0, 0xf, 0x10, 0x0, 0x5b, 0x0, 0x0,

    /* U+0030 "0" */
    0x0, 0x7e, 0xf8, 0x0, 0x6, 0xe5, 0x5e, 0x80,
    0xd, 0x50, 0x4, 0xf0, 0x2f, 0x0, 0x0, 0xe4,
    0x4e, 0x0, 0x0, 0xd6, 0x4e, 0x0, 0x0, 0xd6,
    0x2f, 0x0, 0x0, 0xe4, 0xe, 0x50, 0x4, 0xf0,
    0x6, 0xe5, 0x4d, 0x80, 0x0, 0x8e, 0xf9, 0x0,

    /* U+0031 "1" */
    0x0, 0xc4, 0x4e, 0xf4, 0x24, 0xe4, 0x0, 0xd4,
    0x0, 0xd4, 0x0, 0xd4, 0x0, 0xd4, 0x0, 0xd4,
    0x0, 0xd4, 0x0, 0xd4,

    /* U+0032 "2" */
    0x0, 0x9e, 0xe8, 0x0, 0x9, 0xc4, 0x5e, 0x70,
    0xf, 0x30, 0x7, 0xc0, 0x4, 0x0, 0x6, 0xc0,
    0x0, 0x0, 0xc, 0x70, 0x0, 0x0, 0x9c, 0x0,
    0x0, 0x8, 0xd1, 0x0, 0x0, 0x7e, 0x20, 0x0,
    0x7, 0xf4, 0x22, 0x20, 0xf, 0xff, 0xff, 0xf0,

    /* U+0033 "3" */
    0x1, 0xaf, 0xe8, 0x0, 0xab, 0x23, 0xd8, 0xc,
    0x20, 0x6, 0xc0, 0x0, 0x1, 0xb8, 0x0, 0x1f,
    0xfd, 0x0, 0x0, 0x1, 0xb9, 0x3, 0x0, 0x3,
    0xe1, 0xf1, 0x0, 0x4e, 0xb, 0xb2, 0x3d, 0x80,
    0x1a, 0xfe, 0x80,

    /* U+0034 "4" */
    0x0, 0x0, 0x8f, 0x30, 0x0, 0x2, 0xff, 0x30,
    0x0, 0xb, 0x8f, 0x30, 0x0, 0x5e, 0xf, 0x30,
    0x0, 0xd5, 0xf, 0x30, 0x7, 0xc0, 0xf, 0x30,
    0x1f, 0x30, 0xf, 0x30, 0x5f, 0xff, 0xff, 0xfb,
    0x2, 0x22, 0x2f, 0x41, 0x0, 0x0, 0xf, 0x30,

    /* U+0035 "5" */
    0x5, 0xff, 0xff, 0x70, 0x7, 0x92, 0x22, 0x10,
    0x9, 0x60, 0x0, 0x0, 0xb, 0x9d, 0xe8, 0x0,
    0xd, 0xc3, 0x3d, 0x80, 0x5, 0x10, 0x4, 0xf0,
    0x1, 0x0, 0x1, 0xf1, 0x2f, 0x0, 0x4, 0xf0,
    0xc, 0xa2, 0x3d, 0x80, 0x1, 0xae, 0xe8, 0x0,

    /* U+0036 "6" */
    0x0, 0x9, 0xef, 0x80, 0x0, 0xcc, 0x43, 0x30,
    0x7, 0xd0, 0x0, 0x0, 0xc, 0x70, 0x0, 0x0,
    0xf, 0x7c, 0xeb, 0x20, 0x1f, 0xe5, 0x3a, 0xd0,
    0xf, 0x60, 0x0, 0xf3, 0xc, 0x50, 0x0, 0xf3,
    0x5, 0xe4, 0x29, 0xd0, 0x0, 0x7e, 0xfb, 0x20,

    /* U+0037 "7" */
    0x5f, 0xff, 0xff, 0xc0, 0x22, 0x22, 0xe5, 0x0,
    0x0, 0x7b, 0x0, 0x0, 0x1f, 0x20, 0x0, 0x8,
    0xa0, 0x0, 0x0, 0xe4, 0x0, 0x0, 0x3e, 0x0,
    0x0, 0x8, 0xa0, 0x0, 0x0, 0xa8, 0x0, 0x0,
    0xc, 0x60, 0x0,

    /* U+0038 "8" */
    0x1, 0xbf, 0xe8, 0x0, 0xc9, 0x13, 0xe5, 0xf,
    0x20, 0x8, 0x90, 0xd9, 0x2, 0xd6, 0x2, 0xff,
    0xfb, 0x0, 0xa8, 0x2, 0xd4, 0x3e, 0x0, 0x5,
    0xc3, 0xf0, 0x0, 0x5d, 0xe, 0x91, 0x2d, 0x80,
    0x2b, 0xfe, 0x80,

    /* U+0039 "9" */
    0x0, 0xaf, 0xe8, 0x0, 0xa, 0xc3, 0x3d, 0x70,
    0xf, 0x20, 0x3, 0xe0, 0xf, 0x10, 0x3, 0xf2,
    0xc, 0xa1, 0x1b, 0xf3, 0x2, 0xdf, 0xf9, 0xf2,
    0x0, 0x1, 0x4, 0xe0, 0x0, 0x0, 0xb, 0x90,
    0x2, 0x33, 0xae, 0x10, 0x6, 0xff, 0xa1, 0x0,

    /* U+003A ":" */
    0xd, 0x50, 0x82, 0x0, 0x0, 0x0, 0x0, 0x0,
    0x82, 0xd, 0x50,

    /* U+003B ";" */
    0xc, 0x60, 0x73, 0x0, 0x0, 0x0, 0x0, 0x0,
    0x43, 0xc, 0xa0, 0x64, 0x6, 0x0,

    /* U+003C "<" */
    0x0, 0x0, 0x0, 0x0, 0x1, 0x8a, 0x1, 0x8e,
    0x91, 0xe, 0xc1, 0x0, 0x5, 0xdc, 0x40, 0x0,
    0x5, 0xd9, 0x0, 0x0, 0x3,

    /* U+003D "=" */
    0x8f, 0xff, 0xff, 0x41, 0x22, 0x22, 0x20, 0x0,
    0x0, 0x0, 0x8, 0xff, 0xff, 0xf4, 0x12, 0x22,
    0x22, 0x0,

    /* U+003E ">" */
    0x0, 0x0, 0x0, 0xd, 0x50, 0x0, 0x3, 0xbd,
    0x50, 0x0, 0x4, 0xfa, 0x0, 0x6e, 0xa2, 0xe,
    0xa2, 0x0, 0x3, 0x0, 0x0,

    /* U+003F "?" */
    0x3, 0xcf, 0xc3, 0x1, 0xf8, 0x39, 0xe0, 0x5d,
    0x0, 0xf, 0x30, 0x10, 0x1, 0xf2, 0x0, 0x1,
    0xca, 0x0, 0x0, 0xbb, 0x0, 0x0, 0x2f, 0x0,
    0x0, 0x1, 0x50, 0x0, 0x0, 0x17, 0x0, 0x0,
    0x4, 0xd0, 0x0,

    /* U+0040 "@" */
    0x0, 0x6, 0xcf, 0xfc, 0x60, 0x0, 0x0, 0xad,
    0x51, 0x14, 0xcb, 0x0, 0x7, 0xc0, 0x0, 0x0,
    0xb, 0x80, 0xe, 0x30, 0x9f, 0xbc, 0x52, 0xf0,
    0x3d, 0x5, 0xe1, 0x5f, 0x50, 0xc4, 0x5c, 0x9,
    0x80, 0xe, 0x50, 0xa6, 0x4d, 0x9, 0x80, 0xe,
    0x60, 0xb4, 0xf, 0x25, 0xe1, 0x5f, 0xa1, 0xe1,
    0x9, 0xb0, 0x9f, 0xb2, 0xdf, 0x60, 0x0, 0xcb,
    0x30, 0x1, 0x61, 0x0, 0x0, 0x8, 0xef, 0xff,
    0xb2, 0x0, 0x0, 0x0, 0x1, 0x10, 0x0, 0x0,

    /* U+0041 "A" */
    0x0, 0x7, 0xf4, 0x0, 0x0, 0x0, 0xcf, 0x90,
    0x0, 0x0, 0x1f, 0x8e, 0x0, 0x0, 0x6, 0xe1,
    0xf3, 0x0, 0x0, 0xb9, 0xc, 0x80, 0x0, 0x1f,
    0x50, 0x7d, 0x0, 0x5, 0xf0, 0x3, 0xf3, 0x0,
    0xaf, 0xff, 0xff, 0x80, 0xf, 0x72, 0x22, 0x9d,
    0x4, 0xf0, 0x0, 0x2, 0xf2,

    /* U+0042 "B" */
    0xf, 0xff, 0xfc, 0x20, 0xf, 0x31, 0x29, 0xd0,
    0xf, 0x20, 0x2, 0xf0, 0xf, 0x20, 0x7, 0xc0,
    0xf, 0xee, 0xff, 0x30, 0xf, 0x31, 0x17, 0xe1,
    0xf, 0x20, 0x0, 0xd5, 0xf, 0x20, 0x0, 0xd5,
    0xf, 0x31, 0x17, 0xf1, 0xf, 0xff, 0xfd, 0x40,

    /* U+0043 "C" */
    0x0, 0x3c, 0xfe, 0x91, 0x0, 0x3f, 0x93, 0x4b,
    0xd0, 0xc, 0x90, 0x0, 0xd, 0x62, 0xf1, 0x0,
    0x0, 0x33, 0x4e, 0x0, 0x0, 0x0, 0x4, 0xe0,
    0x0, 0x0, 0x0, 0x2f, 0x10, 0x0, 0x3, 0x30,
    0xc9, 0x0, 0x0, 0xd6, 0x3, 0xf9, 0x34, 0xbd,
    0x0, 0x3, 0xcf, 0xea, 0x10,

    /* U+0044 "D" */
    0xf, 0xff, 0xe9, 0x10, 0x0, 0xf3, 0x23, 0xbd,
    0x0, 0xf, 0x20, 0x0, 0xc8, 0x0, 0xf2, 0x0,
    0x5, 0xe0, 0xf, 0x20, 0x0, 0x2f, 0x0, 0xf2,
    0x0, 0x2, 0xf0, 0xf, 0x20, 0x0, 0x5e, 0x0,
    0xf2, 0x0, 0xc, 0x80, 0xf, 0x31, 0x3b, 0xd1,
    0x0, 0xff, 0xfe, 0xa1, 0x0,

    /* U+0045 "E" */
    0xf, 0xff, 0xff, 0x90, 0xf3, 0x22, 0x21, 0xf,
    0x20, 0x0, 0x0, 0xf2, 0x0, 0x0, 0xf, 0x20,
    0x0, 0x0, 0xff, 0xff, 0xf0, 0xf, 0x42, 0x22,
    0x0, 0xf2, 0x0, 0x0, 0xf, 0x31, 0x11, 0x10,
    0xff, 0xff, 0xfa,

    /* U+0046 "F" */
    0xf, 0xff, 0xff, 0xd0, 0xf3, 0x22, 0x21, 0xf,
    0x20, 0x0, 0x0, 0xf2, 0x0, 0x0, 0xf, 0x20,
    0x0, 0x0, 0xff, 0xff, 0xf4, 0xf, 0x42, 0x22,
    0x0, 0xf2, 0x0, 0x0, 0xf, 0x20, 0x0, 0x0,
    0xf2, 0x0, 0x0,

    /* U+0047 "G" */
    0x0, 0x3b, 0xfe, 0xa1, 0x0, 0x3f, 0x93, 0x4b,
    0xd0, 0xd, 0x90, 0x0, 0xd, 0x62, 0xf1, 0x0,
    0x0, 0x33, 0x4e, 0x0, 0x0, 0x0, 0x4, 0xe0,
    0x0, 0xee, 0xeb, 0x2f, 0x10, 0x1, 0x17, 0xb0,
    0xd9, 0x0, 0x0, 0xb7, 0x3, 0xf9, 0x33, 0xae,
    0x10, 0x3, 0xbf, 0xea, 0x10,

    /* U+0048 "H" */
    0xf, 0x20, 0x0, 0xa8, 0xf, 0x20, 0x0, 0xa8,
    0xf, 0x20, 0x0, 0xa8, 0xf, 0x20, 0x0, 0xa8,
    0xf, 0x20, 0x0, 0xa8, 0xf, 0xff, 0xff, 0xf8,
    0xf, 0x42, 0x22, 0xa8, 0xf, 0x20, 0x0, 0xa8,
    0xf, 0x20, 0x0, 0xa8, 0xf, 0x20, 0x0, 0xa8,

    /* U+0049 "I" */
    0xf, 0x20, 0xf2, 0xf, 0x20, 0xf2, 0xf, 0x20,
    0xf2, 0xf, 0x20, 0xf2, 0xf, 0x20, 0xf2,

    /* U+004A "J" */
    0x0, 0x9, 0xa0, 0x0, 0x9a, 0x0, 0x9, 0xa0,
    0x0, 0x9a, 0x0, 0x9, 0xa0, 0x0, 0x9a, 0x0,
    0x9, 0x90, 0x0, 0xb7, 0x12, 0x7f, 0x27, 0xfd,
    0x50,

    /* U+004B "K" */
    0xf, 0x20, 0x7, 0xe2, 0xf, 0x20, 0x4f, 0x30,
    0xf, 0x23, 0xf5, 0x0, 0xf, 0x3e, 0x70, 0x0,
    0xf, 0xea, 0x0, 0x0, 0xf, 0xcd, 0x10, 0x0,
    0xf, 0x2c, 0xb0, 0x0, 0xf, 0x21, 0xe9, 0x0,
    0xf, 0x20, 0x2f, 0x60, 0xf, 0x20, 0x5, 0xf4,

    /* U+004C "L" */
    0xf, 0x20, 0x0, 0x0, 0xf2, 0x0, 0x0, 0xf,
    0x20, 0x0, 0x0, 0xf2, 0x0, 0x0, 0xf, 0x20,
    0x0, 0x0, 0xf2, 0x0, 0x0, 0xf, 0x20, 0x0,
    0x0, 0xf2, 0x0, 0x0, 0xf, 0x31, 0x11, 0x10,
    0xff, 0xff, 0xfb,

    /* U+004D "M" */
    0xf, 0xb0, 0x0, 0x7, 0xf4, 0xf, 0xf2, 0x0,
    0xe, 0xf4, 0xf, 0xb9, 0x0, 0x5d, 0xe4, 0xf,
    0x4f, 0x10, 0xc6, 0xe4, 0xf, 0x1b, 0x73, 0xe0,
    0xe4, 0xf, 0x14, 0xeb, 0x80, 0xe4, 0xf, 0x10,
    0xdf, 0x10, 0xe4, 0xf, 0x10, 0x35, 0x0, 0xe4,
    0xf, 0x10, 0x0, 0x0, 0xe4, 0xf, 0x10, 0x0,
    0x0, 0xe4,

    /* U+004E "N" */
    0xf, 0x50, 0x0, 0x5d, 0xf, 0xe0, 0x0, 0x5d,
    0xf, 0xe8, 0x0, 0x5d, 0xf, 0x5f, 0x20, 0x5d,
    0xf, 0x29, 0xb0, 0x5d, 0xf, 0x21, 0xe5, 0x5d,
    0xf, 0x20, 0x5e, 0x6d, 0xf, 0x20, 0xc, 0xed,
    0xf, 0x20, 0x2, 0xfd, 0xf, 0x20, 0x0, 0x8d,

    /* U+004F "O" */
    0x0, 0x2b, 0xff, 0xa2, 0x0, 0x2, 0xfa, 0x34,
    0xbe, 0x20, 0xb, 0xa0, 0x0, 0xb, 0xa0, 0x2f,
    0x20, 0x0, 0x3, 0xf0, 0x4e, 0x0, 0x0, 0x0,
    0xf3, 0x4e, 0x0, 0x0, 0x0, 0xf3, 0x2f, 0x20,
    0x0, 0x3, 0xf0, 0xb, 0x90, 0x0, 0xb, 0xb0,
    0x3, 0xfa, 0x33, 0xbe, 0x20, 0x0, 0x3b, 0xff,
    0xb2, 0x0,

    /* U+0050 "P" */
    0xf, 0xff, 0xf9, 0x0, 0xf, 0x32, 0x3c, 0x90,
    0xf, 0x20, 0x3, 0xf0, 0xf, 0x20, 0x0, 0xf2,
    0xf, 0x20, 0x2, 0xf1, 0xf, 0x20, 0xb, 0xb0,
    0xf, 0xff, 0xfc, 0x10, 0xf, 0x42, 0x10, 0x0,
    0xf, 0x20, 0x0, 0x0, 0xf, 0x20, 0x0, 0x0,

    /* U+0051 "Q" */
    0x0, 0x2b, 0xff, 0xa2, 0x0, 0x2, 0xfa, 0x34,
    0xbe, 0x20, 0xb, 0xa0, 0x0, 0xb, 0xa0, 0x2f,
    0x20, 0x0, 0x3, 0xf0, 0x4e, 0x0, 0x0, 0x0,
    0xf3, 0x4e, 0x0, 0x0, 0x0, 0xf3, 0x2f, 0x20,
    0x8, 0x63, 0xf0, 0xb, 0x90, 0x3, 0xfd, 0xb0,
    0x3, 0xfa, 0x34, 0xcf, 0x50, 0x0, 0x3b, 0xfe,
    0xa7, 0xe2,

    /* U+0052 "R" */
    0xf, 0xff, 0xf9, 0x0, 0xf, 0x32, 0x3d, 0x80,
    0xf, 0x20, 0x6, 0xd0, 0xf, 0x20, 0x5, 0xd0,
    0xf, 0x20, 0xc, 0x90, 0xf, 0xff, 0xfb, 0x10,
    0xf, 0x32, 0xf4, 0x0, 0xf, 0x20, 0x7c, 0x0,
    0xf, 0x20, 0xe, 0x60, 0xf, 0x20, 0x5, 0xe0,

    /* U+0053 "S" */
    0x2, 0xbf, 0xe7, 0x0, 0xd, 0xa2, 0x4e, 0x50,
    0x1f, 0x10, 0x5, 0x70, 0xf, 0x80, 0x0, 0x0,
    0x5, 0xff, 0xb4, 0x0, 0x0, 0x5, 0xaf, 0x70,
    0x0, 0x0, 0x5, 0xf0, 0x4f, 0x0, 0x3, 0xf0,
    0xc, 0xb3, 0x3c, 0xa0, 0x1, 0xae, 0xfa, 0x10,

    /* U+0054 "T" */
    0x7f, 0xff, 0xff, 0xf4, 0x2, 0x2b, 0x82, 0x20,
    0x0, 0xb, 0x70, 0x0, 0x0, 0xb, 0x70, 0x0,
    0x0, 0xb, 0x70, 0x0, 0x0, 0xb, 0x70, 0x0,
    0x0, 0xb, 0x70, 0x0, 0x0, 0xb, 0x70, 0x0,
    0x0, 0xb, 0x70, 0x0, 0x0, 0xb, 0x70, 0x0,

    /* U+0055 "U" */
    0xf, 0x20, 0x0, 0x7b, 0xf, 0x20, 0x0, 0x7b,
    0xf, 0x20, 0x0, 0x7b, 0xf, 0x20, 0x0, 0x7b,
    0xf, 0x20, 0x0, 0x7b, 0xf, 0x20, 0x0, 0x7b,
    0xf, 0x20, 0x0, 0x7b, 0xe, 0x60, 0x0, 0xa9,
    0x7, 0xe6, 0x48, 0xf2, 0x0, 0x7e, 0xfc, 0x40,

    /* U+0056 "V" */
    0x7c, 0x0, 0x0, 0x4e, 0x2, 0xf1, 0x0, 0x9,
    0xa0, 0xd, 0x60, 0x0, 0xe5, 0x0, 0x8b, 0x0,
    0x3f, 0x0, 0x3, 0xf0, 0x8, 0xb0, 0x0, 0xe,
    0x40, 0xd6, 0x0, 0x0, 0x99, 0x2f, 0x10, 0x0,
    0x4, 0xe7, 0xc0, 0x0, 0x0, 0xf, 0xe7, 0x0,
    0x0, 0x0, 0xaf, 0x20, 0x0,

    /* U+0057 "W" */
    0x6c, 0x0, 0xa, 0xb0, 0x0, 0xb7, 0x2f, 0x0,
    0xe, 0xf0, 0x0, 0xf3, 0xe, 0x40, 0x2f, 0xe3,
    0x3, 0xf0, 0xb, 0x70, 0x6b, 0xa7, 0x6, 0xc0,
    0x7, 0xb0, 0x98, 0x7b, 0xa, 0x80, 0x3, 0xf0,
    0xd4, 0x3e, 0xe, 0x40, 0x0, 0xf4, 0xf0, 0xf,
    0x4f, 0x0, 0x0, 0xbb, 0xc0, 0xb, 0xcc, 0x0,
    0x0, 0x8f, 0x80, 0x7, 0xf9, 0x0, 0x0, 0x4f,
    0x40, 0x3, 0xf5, 0x0,

    /* U+0058 "X" */
    0x1f, 0x50, 0x0, 0xbb, 0x7, 0xd0, 0x4, 0xf2,
    0x0, 0xe7, 0xd, 0x80, 0x0, 0x5f, 0x7e, 0x0,
    0x0, 0xc, 0xf6, 0x0, 0x0, 0xc, 0xf6, 0x0,
    0x0, 0x5f, 0x7e, 0x0, 0x0, 0xe7, 0xd, 0x80,
    0x7, 0xd0, 0x4, 0xf2, 0x1f, 0x50, 0x0, 0xbb,

    /* U+0059 "Y" */
    0x7c, 0x0, 0x0, 0xd7, 0xe, 0x40, 0x5, 0xe0,
    0x8, 0xc0, 0xc, 0x70, 0x1, 0xf3, 0x4f, 0x0,
    0x0, 0x8b, 0xb8, 0x0, 0x0, 0x1f, 0xf1, 0x0,
    0x0, 0xa, 0xa0, 0x0, 0x0, 0x9, 0x90, 0x0,
    0x0, 0x9, 0x90, 0x0, 0x0, 0x9, 0x90, 0x0,

    /* U+005A "Z" */
    0x3f, 0xff, 0xff, 0xf1, 0x2, 0x22, 0x2a, 0xc0,
    0x0, 0x0, 0x3f, 0x30, 0x0, 0x0, 0xc8, 0x0,
    0x0, 0x6, 0xe0, 0x0, 0x0, 0x1f, 0x50, 0x0,
    0x0, 0xab, 0x0, 0x0, 0x4, 0xf1, 0x0, 0x0,
    0xd, 0x81, 0x11, 0x10, 0x3f, 0xff, 0xff, 0xf2,

    /* U+005B "[" */
    0xf, 0xff, 0x80, 0xf3, 0x21, 0xf, 0x10, 0x0,
    0xf1, 0x0, 0xf, 0x10, 0x0, 0xf1, 0x0, 0xf,
    0x10, 0x0, 0xf1, 0x0, 0xf, 0x10, 0x0, 0xf1,
    0x0, 0xf, 0x10, 0x0, 0xf3, 0x10, 0xf, 0xff,
    0x80,

    /* U+005C "\\" */
    0x62, 0x0, 0x0, 0x98, 0x0, 0x0, 0x4d, 0x0,
    0x0, 0xe, 0x20, 0x0, 0x9, 0x80, 0x0, 0x4,
    0xd0, 0x0, 0x0, 0xe2, 0x0, 0x0, 0x98, 0x0,
    0x0, 0x4d, 0x0, 0x0, 0xe, 0x20, 0x0, 0x9,
    0x80, 0x0, 0x4, 0xd0, 0x0, 0x0, 0xe2,

    /* U+005D "]" */
    0xf, 0xff, 0x80, 0x22, 0xa8, 0x0, 0x9, 0x80,
    0x0, 0x98, 0x0, 0x9, 0x80, 0x0, 0x98, 0x0,
    0x9, 0x80, 0x0, 0x98, 0x0, 0x9, 0x80, 0x0,
    0x98, 0x0, 0x9, 0x80, 0x11, 0xa8, 0xf, 0xff,
    0x80,

    /* U+005E "^" */
    0x7, 0xe3, 0x3, 0xc2, 0xd0,

    /* U+005F "_" */
    0x8e, 0xee, 0xee, 0x1, 0x11, 0x11, 0x10,

    /* U+0060 "`" */
    0x53, 0x5, 0xc0, 0xd, 0x30,

    /* U+0061 "a" */
    0x1, 0xbf, 0xc6, 0xd0, 0xbb, 0x14, 0xed, 0x2f,
    0x10, 0x8, 0xd3, 0xe0, 0x0, 0x5d, 0x2f, 0x0,
    0x7, 0xd0, 0xc9, 0x2, 0xed, 0x1, 0xbe, 0xc7,
    0xd0,

    /* U+0062 "b" */
    0xf, 0x10, 0x0, 0x0, 0xf, 0x10, 0x0, 0x0,
    0xf, 0x10, 0x0, 0x0, 0xf, 0x5d, 0xfa, 0x0,
    0xf, 0xd2, 0x2d, 0x90, 0xf, 0x50, 0x4, 0xf0,
    0xf, 0x20, 0x1, 0xf1, 0xf, 0x50, 0x4, 0xf0,
    0xf, 0xd2, 0x2c, 0x90, 0xf, 0x5d, 0xfa, 0x0,

    /* U+0063 "c" */
    0x0, 0xaf, 0xe7, 0x0, 0xbb, 0x23, 0xe4, 0x1f,
    0x10, 0x3, 0x43, 0xe0, 0x0, 0x0, 0x2f, 0x0,
    0x3, 0x40, 0xbb, 0x23, 0xe5, 0x0, 0xaf, 0xe7,
    0x0,

    /* U+0064 "d" */
    0x0, 0x0, 0x4, 0xd0, 0x0, 0x0, 0x4d, 0x0,
    0x0, 0x4, 0xd0, 0x1b, 0xfc, 0x6d, 0xb, 0xb1,
    0x4e, 0xd2, 0xf1, 0x0, 0x8d, 0x3e, 0x0, 0x5,
    0xd2, 0xf1, 0x0, 0x8d, 0xc, 0xb1, 0x3e, 0xd0,
    0x1b, 0xfc, 0x6d,

    /* U+0065 "e" */
    0x1, 0xbf, 0xd4, 0x0, 0xc9, 0x16, 0xe1, 0x2f,
    0x0, 0xb, 0x53, 0xff, 0xff, 0xf7, 0x2f, 0x0,
    0x1, 0x0, 0xc9, 0x14, 0xe2, 0x1, 0xbf, 0xd5,
    0x0,

    /* U+0066 "f" */
    0x0, 0xaf, 0x30, 0x4e, 0x0, 0x6, 0xb0, 0x7,
    0xff, 0xf3, 0x6, 0xb0, 0x0, 0x6b, 0x0, 0x6,
    0xb0, 0x0, 0x6b, 0x0, 0x6, 0xb0, 0x0, 0x6b,
    0x0,

    /* U+0067 "g" */
    0x1, 0xbf, 0xc6, 0xe0, 0xcb, 0x13, 0xee, 0x2f,
    0x10, 0x7, 0xe3, 0xe0, 0x0, 0x5e, 0x2f, 0x10,
    0x7, 0xe0, 0xcb, 0x13, 0xee, 0x1, 0xbf, 0xc7,
    0xd0, 0x71, 0x0, 0x6c, 0xa, 0xb2, 0x3e, 0x70,
    0x1a, 0xfe, 0x80,

    /* U+0068 "h" */
    0xf, 0x10, 0x0, 0x0, 0xf1, 0x0, 0x0, 0xf,
    0x10, 0x0, 0x0, 0xf6, 0xee, 0x40, 0xf, 0xa1,
    0x7e, 0x0, 0xf3, 0x0, 0xf2, 0xf, 0x10, 0xf,
    0x20, 0xf1, 0x0, 0xf2, 0xf, 0x10, 0xf, 0x20,
    0xf1, 0x0, 0xf2,

    /* U+0069 "i" */
    0xe, 0x20, 0x71, 0x0, 0x0, 0xf2, 0xf, 0x20,
    0xf2, 0xf, 0x20, 0xf2, 0xf, 0x20, 0xf2,

    /* U+006A "j" */
    0x0, 0xd4, 0x0, 0x71, 0x0, 0x0, 0x0, 0xd4,
    0x0, 0xd4, 0x0, 0xd4, 0x0, 0xd4, 0x0, 0xd4,
    0x0, 0xd4, 0x0, 0xd4, 0x0, 0xd4, 0x14, 0xf1,
    0x8e, 0x70,

    /* U+006B "k" */
    0xf, 0x10, 0x0, 0x0, 0xf1, 0x0, 0x0, 0xf,
    0x10, 0x0, 0x0, 0xf1, 0xc, 0xa0, 0xf, 0x1b,
    0xb0, 0x0, 0xfb, 0xc0, 0x0, 0xf, 0xf7, 0x0,
    0x0, 0xf5, 0xf3, 0x0, 0xf, 0x17, 0xe1, 0x0,
    0xf1, 0xa, 0xc0,

    /* U+006C "l" */
    0xf, 0x10, 0xf1, 0xf, 0x10, 0xf1, 0xf, 0x10,
    0xf1, 0xf, 0x10, 0xf1, 0xf, 0x10, 0xf1,

    /* U+006D "m" */
    0x2f, 0x7e, 0xd2, 0x9e, 0xc2, 0x2f, 0x70, 0x9f,
    0x60, 0x9a, 0x2f, 0x10, 0x3f, 0x0, 0x4d, 0x2f,
    0x0, 0x3e, 0x0, 0x4e, 0x2f, 0x0, 0x3e, 0x0,
    0x4e, 0x2f, 0x0, 0x3e, 0x0, 0x4e, 0x2f, 0x0,
    0x3e, 0x0, 0x4e,

    /* U+006E "n" */
    0x2f, 0x7e, 0xd2, 0x2, 0xf7, 0x7, 0xd0, 0x2f,
    0x10, 0x2f, 0x2, 0xf0, 0x1, 0xf0, 0x2f, 0x0,
    0x1f, 0x2, 0xf0, 0x1, 0xf0, 0x2f, 0x0, 0x1f,
    0x0,

    /* U+006F "o" */
    0x1, 0xaf, 0xe7, 0x0, 0xbb, 0x23, 0xe6, 0x2f,
    0x10, 0x6, 0xd4, 0xe0, 0x0, 0x3f, 0x2f, 0x10,
    0x6, 0xd0, 0xbb, 0x23, 0xe6, 0x1, 0xaf, 0xe7,
    0x0,

    /* U+0070 "p" */
    0xf, 0x6d, 0xea, 0x0, 0xf, 0xc0, 0xb, 0x90,
    0xf, 0x40, 0x3, 0xf0, 0xf, 0x20, 0x1, 0xf1,
    0xf, 0x50, 0x4, 0xf0, 0xf, 0xd2, 0x2d, 0x90,
    0xf, 0x5d, 0xfa, 0x0, 0xf, 0x10, 0x0, 0x0,
    0xf, 0x10, 0x0, 0x0, 0xf, 0x10, 0x0, 0x0,

    /* U+0071 "q" */
    0x1, 0xbf, 0xc6, 0xd0, 0xbb, 0x14, 0xed, 0x2f,
    0x10, 0x8, 0xd3, 0xe0, 0x0, 0x5d, 0x2f, 0x10,
    0x8, 0xd0, 0xcb, 0x13, 0xed, 0x1, 0xbf, 0xc6,
    0xd0, 0x0, 0x0, 0x4d, 0x0, 0x0, 0x4, 0xd0,
    0x0, 0x0, 0x4d,

    /* U+0072 "r" */
    0x2f, 0x9f, 0x42, 0xf9, 0x10, 0x2f, 0x10, 0x2,
    0xf0, 0x0, 0x2f, 0x0, 0x2, 0xf0, 0x0, 0x2f,
    0x0, 0x0,

    /* U+0073 "s" */
    0x7, 0xee, 0x60, 0x2f, 0x23, 0xe2, 0x1f, 0x61,
    0x0, 0x5, 0xcf, 0xa0, 0x12, 0x1, 0xd6, 0x3f,
    0x31, 0xd6, 0x7, 0xef, 0x90,

    /* U+0074 "t" */
    0x3, 0x50, 0x0, 0x7b, 0x0, 0x9f, 0xff, 0x40,
    0x7b, 0x0, 0x7, 0xb0, 0x0, 0x7b, 0x0, 0x6,
    0xb0, 0x0, 0x5d, 0x20, 0x0, 0xbf, 0x70,

    /* U+0075 "u" */
    0x2f, 0x0, 0x3f, 0x2f, 0x0, 0x3f, 0x2f, 0x0,
    0x3f, 0x2f, 0x0, 0x3f, 0x2f, 0x0, 0x4f, 0xf,
    0x52, 0xcf, 0x6, 0xee, 0x7f,

    /* U+0076 "v" */
    0x6c, 0x0, 0xd, 0x41, 0xf1, 0x3, 0xe0, 0xb,
    0x70, 0x89, 0x0, 0x5c, 0xd, 0x40, 0x0, 0xf5,
    0xe0, 0x0, 0xa, 0xe9, 0x0, 0x0, 0x5f, 0x30,
    0x0,

    /* U+0077 "w" */
    0x6b, 0x0, 0x7e, 0x0, 0x4d, 0x2, 0xf0, 0xc,
    0xf3, 0x9, 0x90, 0xd, 0x41, 0xfa, 0x70, 0xd4,
    0x0, 0x89, 0x5b, 0x4c, 0x2f, 0x0, 0x4, 0xda,
    0x60, 0xf8, 0xb0, 0x0, 0xf, 0xf2, 0xb, 0xf6,
    0x0, 0x0, 0xad, 0x0, 0x6f, 0x10, 0x0,

    /* U+0078 "x" */
    0x3e, 0x10, 0x5e, 0x0, 0xa9, 0xd, 0x50, 0x1,
    0xea, 0xb0, 0x0, 0x9, 0xf4, 0x0, 0x1, 0xea,
    0xb0, 0x0, 0x99, 0xd, 0x40, 0x3e, 0x10, 0x5e,
    0x0,

    /* U+0079 "y" */
    0x5d, 0x0, 0xc, 0x60, 0xf2, 0x1, 0xf1, 0xa,
    0x70, 0x6b, 0x0, 0x5c, 0xc, 0x60, 0x0, 0xf3,
    0xf1, 0x0, 0xb, 0xdb, 0x0, 0x0, 0x5f, 0x60,
    0x0, 0x2, 0xf1, 0x0, 0x2, 0xb8, 0x0, 0x8,
    0xe9, 0x0, 0x0,

    /* U+007A "z" */
    0x4f, 0xff, 0xfa, 0x0, 0x2, 0xf3, 0x0, 0xd,
    0x70, 0x0, 0x9b, 0x0, 0x4, 0xe1, 0x0, 0x1e,
    0x40, 0x0, 0x7f, 0xff, 0xfa,

    /* U+007B "{" */
    0x1, 0xbf, 0x90, 0x6d, 0x21, 0x7, 0xa0, 0x0,
    0x7a, 0x0, 0x7, 0xa0, 0x0, 0x99, 0x0, 0xbf,
    0x30, 0x1, 0xb9, 0x0, 0x7, 0xa0, 0x0, 0x7a,
    0x0, 0x7, 0xa0, 0x0, 0x6d, 0x20, 0x1, 0xcf,
    0xa0,

    /* U+007C "|" */
    0x1f, 0x1f, 0x1f, 0x1f, 0x1f, 0x1f, 0x1f, 0x1f,
    0x1f, 0x1f, 0x1f, 0x1f, 0x1f, 0x1f, 0x1f,

    /* U+007D "}" */
    0x7f, 0xc1, 0x1, 0x2c, 0x80, 0x0, 0x89, 0x0,
    0x8, 0x90, 0x0, 0x89, 0x0, 0x7, 0xb0, 0x0,
    0x2f, 0xd0, 0x7, 0xc2, 0x0, 0x89, 0x0, 0x8,
    0x90, 0x0, 0x89, 0x0, 0x1b, 0x80, 0x8f, 0xd2,
    0x0,

    /* U+007E "~" */
    0xb, 0xb1, 0xa1, 0x94, 0xd5,

    /* U+00C0 "À" */
    0x0, 0x1e, 0x20, 0x0, 0x0, 0x0, 0x88, 0x0,
    0x0, 0x0, 0x1, 0x60, 0x0, 0x0, 0x0, 0x7f,
    0x40, 0x0, 0x0, 0xc, 0xf9, 0x0, 0x0, 0x1,
    0xf8, 0xe0, 0x0, 0x0, 0x6e, 0x1f, 0x30, 0x0,
    0xb, 0x90, 0xc8, 0x0, 0x1, 0xf5, 0x7, 0xd0,
    0x0, 0x5f, 0x0, 0x3f, 0x30, 0xa, 0xff, 0xff,
    0xf8, 0x0, 0xf7, 0x22, 0x29, 0xd0, 0x4f, 0x0,
    0x0, 0x2f, 0x20,

    /* U+00C1 "Á" */
    0x0, 0x0, 0x4d, 0x0, 0x0, 0x0, 0xa, 0x60,
    0x0, 0x0, 0x0, 0x70, 0x0, 0x0, 0x0, 0x7f,
    0x40, 0x0, 0x0, 0xc, 0xf9, 0x0, 0x0, 0x1,
    0xf8, 0xe0, 0x0, 0x0, 0x6e, 0x1f, 0x30, 0x0,
    0xb, 0x90, 0xc8, 0x0, 0x1, 0xf5, 0x7, 0xd0,
    0x0, 0x5f, 0x0, 0x3f, 0x30, 0xa, 0xff, 0xff,
    0xf8, 0x0, 0xf7, 0x22, 0x29, 0xd0, 0x4f, 0x0,
    0x0, 0x2f, 0x20,

    /* U+00C2 "Â" */
    0x0, 0x1, 0x70, 0x0, 0x0, 0x0, 0xc9, 0xa0,
    0x0, 0x0, 0x25, 0x6, 0x10, 0x0, 0x0, 0x7f,
    0x40, 0x0, 0x0, 0xc, 0xf9, 0x0, 0x0, 0x1,
    0xf8, 0xe0, 0x0, 0x0, 0x6e, 0x1f, 0x30, 0x0,
    0xb, 0x90, 0xc8, 0x0, 0x1, 0xf5, 0x7, 0xd0,
    0x0, 0x5f, 0x0, 0x3f, 0x30, 0xa, 0xff, 0xff,
    0xf8, 0x0, 0xf7, 0x22, 0x29, 0xd0, 0x4f, 0x0,
    0x0, 0x2f, 0x20,

    /* U+00C3 "Ã" */
    0x0, 0x2d, 0x78, 0x30, 0x0, 0x6, 0x59, 0xd0,
    0x0, 0x0, 0x0, 0x0, 0x0, 0x0, 0x0, 0x7f,
    0x40, 0x0, 0x0, 0xc, 0xf9, 0x0, 0x0, 0x1,
    0xf8, 0xe0, 0x0, 0x0, 0x6e, 0x1f, 0x30, 0x0,
    0xb, 0x90, 0xc8, 0x0, 0x1, 0xf5, 0x7, 0xd0,
    0x0, 0x5f, 0x0, 0x3f, 0x30, 0xa, 0xff, 0xff,
    0xf8, 0x0, 0xf7, 0x22, 0x29, 0xd0, 0x4f, 0x0,
    0x0, 0x2f, 0x20,

    /* U+00C4 "Ä" */
    0x0, 0x4d, 0x1e, 0x20, 0x0, 0x2, 0x60, 0x70,
    0x0, 0x0, 0x7, 0xf4, 0x0, 0x0, 0x0, 0xcf,
    0x90, 0x0, 0x0, 0x1f, 0x8e, 0x0, 0x0, 0x6,
    0xe1, 0xf3, 0x0, 0x0, 0xb9, 0xc, 0x80, 0x0,
    0x1f, 0x50, 0x7d, 0x0, 0x5, 0xf0, 0x3, 0xf3,
    0x0, 0xaf, 0xff, 0xff, 0x80, 0xf, 0x72, 0x22,
    0x9d, 0x4, 0xf0, 0x0, 0x2, 0xf2,

    /* U+00C5 "Å" */
    0x0, 0x7, 0xe5, 0x0, 0x0, 0x0, 0xd1, 0xc0,
    0x0, 0x0, 0xd, 0x1c, 0x0, 0x0, 0x0, 0x7d,
    0x50, 0x0, 0x0, 0x7, 0xf4, 0x0, 0x0, 0x0,
    0xcf, 0x90, 0x0, 0x0, 0x1f, 0x8e, 0x0, 0x0,
    0x6, 0xe1, 0xf3, 0x0, 0x0, 0xb9, 0xc, 0x80,
    0x0, 0x1f, 0x50, 0x7d, 0x0, 0x5, 0xf0, 0x3,
    0xf3, 0x0, 0xaf, 0xff, 0xff, 0x80, 0xf, 0x72,
    0x22, 0x9d, 0x4, 0xf0, 0x0, 0x2, 0xf2,

    /* U+00C6 "Æ" */
    0x0, 0x0, 0x2f, 0xff, 0xff, 0xf6, 0x0, 0x0,
    0x9e, 0xf2, 0x22, 0x20, 0x0, 0x1, 0xf8, 0xf0,
    0x0, 0x0, 0x0, 0x7, 0xe3, 0xf0, 0x0, 0x0,
    0x0, 0xe, 0x73, 0xf0, 0x0, 0x0, 0x0, 0x6f,
    0x13, 0xff, 0xff, 0xc0, 0x0, 0xda, 0x3, 0xf2,
    0x22, 0x10, 0x5, 0xff, 0xff, 0xf0, 0x0, 0x0,
    0xc, 0xb2, 0x25, 0xf1, 0x11, 0x10, 0x3f, 0x10,
    0x3, 0xff, 0xff, 0xf7,

    /* U+00C7 "Ç" */
    0x0, 0x3c, 0xfe, 0x91, 0x0, 0x3f, 0x93, 0x4b,
    0xd0, 0xb, 0x90, 0x0, 0xd, 0x62, 0xf1, 0x0,
    0x0, 0x33, 0x4e, 0x0, 0x0, 0x0, 0x4, 0xe0,
    0x0, 0x0, 0x0, 0x2f, 0x10, 0x0, 0x3, 0x30,
    0xc9, 0x0, 0x0, 0xd6, 0x3, 0xf9, 0x34, 0xbd,
    0x0, 0x3, 0xcf, 0xfb, 0x10, 0x0, 0x0, 0xc0,
    0x0, 0x0, 0x0, 0x1c, 0x92, 0x0, 0x0, 0x1,
    0xba, 0x10, 0x0,

    /* U+00C8 "È" */
    0x6, 0xb0, 0x0, 0x0, 0xe2, 0x0, 0x0, 0x43,
    0x0, 0xef, 0xff, 0xfb, 0xe5, 0x22, 0x21, 0xe4,
    0x0, 0x0, 0xe4, 0x0, 0x0, 0xe4, 0x0, 0x0,
    0xef, 0xff, 0xf2, 0xe5, 0x22, 0x20, 0xe4, 0x0,
    0x0, 0xe5, 0x11, 0x11, 0xef, 0xff, 0xfc,

    /* U+00C9 "É" */
    0x0, 0xa, 0x70, 0x0, 0x1e, 0x0, 0x0, 0x24,
    0x0, 0xef, 0xff, 0xfb, 0xe5, 0x22, 0x21, 0xe4,
    0x0, 0x0, 0xe4, 0x0, 0x0, 0xe4, 0x0, 0x0,
    0xef, 0xff, 0xf2, 0xe5, 0x22, 0x20, 0xe4, 0x0,
    0x0, 0xe5, 0x11, 0x11, 0xef, 0xff, 0xfc,

    /* U+00CA "Ê" */
    0x0, 0x55, 0x0, 0x3, 0xcc, 0x40, 0x5, 0x21,
    0x60, 0xef, 0xff, 0xfb, 0xe5, 0x22, 0x21, 0xe4,
    0x0, 0x0, 0xe4, 0x0, 0x0, 0xe4, 0x0, 0x0,
    0xef, 0xff, 0xf2, 0xe5, 0x22, 0x20, 0xe4, 0x0,
    0x0, 0xe5, 0x11, 0x11, 0xef, 0xff, 0xfc,

    /* U+00CB "Ë" */
    0xa, 0x76, 0xb0, 0x5, 0x33, 0x50, 0xef, 0xff,
    0xfb, 0xe5, 0x22, 0x21, 0xe4, 0x0, 0x0, 0xe4,
    0x0, 0x0, 0xe4, 0x0, 0x0, 0xef, 0xff, 0xf2,
    0xe5, 0x22, 0x20, 0xe4, 0x0, 0x0, 0xe5, 0x11,
    0x11, 0xef, 0xff, 0xfc,

    /* U+00CC "Ì" */
    0xc6, 0x4, 0xc0, 0x7, 0x0, 0xe4, 0xe, 0x40,
    0xe4, 0xe, 0x40, 0xe4, 0xe, 0x40, 0xe4, 0xe,
    0x40, 0xe4, 0xe, 0x40,

    /* U+00CD "Í" */
    0xf, 0x26, 0xa0, 0x52, 0xe, 0x40, 0xe4, 0xe,
    0x40, 0xe4, 0xe, 0x40, 0xe4, 0xe, 0x40, 0xe4,
    0xe, 0x40, 0xe4, 0x0,

    /* U+00CE "Î" */
    0x0, 0x72, 0x0, 0x89, 0xc0, 0x7, 0x4, 0x30,
    0xe, 0x40, 0x0, 0xe4, 0x0, 0xe, 0x40, 0x0,
    0xe4, 0x0, 0xe, 0x40, 0x0, 0xe4, 0x0, 0xe,
    0x40, 0x0, 0xe4, 0x0, 0xe, 0x40, 0x0, 0xe4,
    0x0,

    /* U+00CF "Ï" */
    0x1e, 0x2c, 0x50, 0x70, 0x62, 0x0, 0xe4, 0x0,
    0xe, 0x40, 0x0, 0xe4, 0x0, 0xe, 0x40, 0x0,
    0xe4, 0x0, 0xe, 0x40, 0x0, 0xe4, 0x0, 0xe,
    0x40, 0x0, 0xe4, 0x0, 0xe, 0x40,

    /* U+00D0 "Ð" */
    0x5, 0xff, 0xfd, 0x70, 0x0, 0x5e, 0x22, 0x5e,
    0xa0, 0x5, 0xd0, 0x0, 0x2f, 0x30, 0x5d, 0x0,
    0x0, 0xa9, 0x5, 0xd0, 0x0, 0x7, 0xc7, 0xff,
    0xfb, 0x0, 0x7c, 0x16, 0xe2, 0x10, 0xa, 0x90,
    0x5d, 0x0, 0x2, 0xf4, 0x5, 0xd1, 0x14, 0xea,
    0x0, 0x5f, 0xff, 0xe7, 0x0,

    /* U+00D1 "Ñ" */
    0x1, 0xd8, 0x74, 0x0, 0x56, 0x8d, 0x10, 0x0,
    0x0, 0x0, 0xe, 0x70, 0x0, 0x3f, 0xef, 0x10,
    0x3, 0xfe, 0xea, 0x0, 0x3f, 0xe5, 0xf4, 0x3,
    0xfe, 0x47, 0xd0, 0x3f, 0xe4, 0xd, 0x73, 0xfe,
    0x40, 0x4f, 0x5f, 0xe4, 0x0, 0xae, 0xfe, 0x40,
    0x1, 0xef, 0xe4, 0x0, 0x6, 0xf0,

    /* U+00D2 "Ò" */
    0x0, 0x6, 0xb0, 0x0, 0x0, 0x0, 0x0, 0xc3,
    0x0, 0x0, 0x0, 0x0, 0x0, 0x0, 0x0, 0x0,
    0x2b, 0xff, 0xa2, 0x0, 0x2, 0xfa, 0x34, 0xbe,
    0x20, 0xb, 0xa0, 0x0, 0xb, 0xa0, 0x2f, 0x20,
    0x0, 0x3, 0xf0, 0x4e, 0x0, 0x0, 0x0, 0xf3,
    0x4e, 0x0, 0x0, 0x0, 0xf3, 0x2f, 0x20, 0x0,
    0x3, 0xf0, 0xb, 0x90, 0x0, 0xb, 0xb0, 0x3,
    0xfa, 0x33, 0xbe, 0x20, 0x0, 0x3b, 0xff, 0xb2,
    0x0,

    /* U+00D3 "Ó" */
    0x0, 0x0, 0xc, 0x50, 0x0, 0x0, 0x0, 0x4b,
    0x0, 0x0, 0x0, 0x0, 0x0, 0x0, 0x0, 0x0,
    0x2b, 0xff, 0xa2, 0x0, 0x2, 0xfa, 0x34, 0xbe,
    0x20, 0xb, 0xa0, 0x0, 0xb, 0xa0, 0x2f, 0x20,
    0x0, 0x3, 0xf0, 0x4e, 0x0, 0x0, 0x0, 0xf3,
    0x4e, 0x0, 0x0, 0x0, 0xf3, 0x2f, 0x20, 0x0,
    0x3, 0xf0, 0xb, 0x90, 0x0, 0xb, 0xb0, 0x3,
    0xfa, 0x33, 0xbe, 0x20, 0x0, 0x3b, 0xff, 0xb2,
    0x0,

    /* U+00D4 "Ô" */
    0x0, 0x0, 0x65, 0x0, 0x0, 0x0, 0x7, 0x89,
    0x60, 0x0, 0x0, 0x0, 0x0, 0x0, 0x0, 0x0,
    0x2b, 0xff, 0xa2, 0x0, 0x2, 0xfa, 0x34, 0xbe,
    0x20, 0xb, 0xa0, 0x0, 0xb, 0xa0, 0x2f, 0x20,
    0x0, 0x3, 0xf0, 0x4e, 0x0, 0x0, 0x0, 0xf3,
    0x4e, 0x0, 0x0, 0x0, 0xf3, 0x2f, 0x20, 0x0,
    0x3, 0xf0, 0xb, 0x90, 0x0, 0xb, 0xb0, 0x3,
    0xfa, 0x33, 0xbe, 0x20, 0x0, 0x3b, 0xff, 0xb2,
    0x0,

    /* U+00D5 "Õ" */
    0x0, 0x8, 0xc2, 0xb0, 0x0, 0x0, 0xb, 0x2d,
    0x70, 0x0, 0x0, 0x0, 0x0, 0x0, 0x0, 0x0,
    0x2b, 0xff, 0xa2, 0x0, 0x2, 0xfa, 0x34, 0xbe,
    0x20, 0xb, 0xa0, 0x0, 0xb, 0xa0, 0x2f, 0x20,
    0x0, 0x3, 0xf0, 0x4e, 0x0, 0x0, 0x0, 0xf3,
    0x4e, 0x0, 0x0, 0x0, 0xf3, 0x2f, 0x20, 0x0,
    0x3, 0xf0, 0xb, 0x90, 0x0, 0xb, 0xb0, 0x3,
    0xfa, 0x33, 0xbe, 0x20, 0x0, 0x3b, 0xff, 0xb2,
    0x0,

    /* U+00D6 "Ö" */
    0x0, 0x6, 0x23, 0x50, 0x0, 0x0, 0xb, 0x67,
    0xa0, 0x0, 0x0, 0x0, 0x0, 0x0, 0x0, 0x0,
    0x2b, 0xff, 0xa2, 0x0, 0x2, 0xfa, 0x34, 0xbe,
    0x20, 0xb, 0xa0, 0x0, 0xb, 0xa0, 0x2f, 0x20,
    0x0, 0x3, 0xf0, 0x4e, 0x0, 0x0, 0x0, 0xf3,
    0x4e, 0x0, 0x0, 0x0, 0xf3, 0x2f, 0x20, 0x0,
    0x3, 0xf0, 0xb, 0x90, 0x0, 0xb, 0xb0, 0x3,
    0xfa, 0x33, 0xbe, 0x20, 0x0, 0x3b, 0xff, 0xb2,
    0x0,

    /* U+00D7 "×" */
    0x0, 0x0, 0x5, 0xc1, 0xd4, 0xa, 0xf9, 0x0,
    0xbe, 0xa0, 0x5b, 0x1c, 0x40, 0x0, 0x0,

    /* U+00D8 "Ø" */
    0x0, 0x2b, 0xfe, 0xae, 0x40, 0x2, 0xfa, 0x34,
    0xef, 0x20, 0xb, 0xa0, 0x3, 0xfc, 0xb0, 0x2f,
    0x20, 0xc, 0x73, 0xf0, 0x4e, 0x0, 0x6d, 0x0,
    0xf3, 0x4e, 0x0, 0xe4, 0x0, 0xf3, 0x2f, 0x28,
    0xb0, 0x3, 0xf0, 0xc, 0xbf, 0x20, 0xb, 0xa0,
    0x3, 0xfd, 0x33, 0xbe, 0x20, 0x5, 0xeb, 0xff,
    0xb2, 0x0,

    /* U+00D9 "Ù" */
    0x0, 0xe2, 0x0, 0x0, 0x5, 0xb0, 0x0, 0x0,
    0x0, 0x0, 0xe, 0x40, 0x0, 0x5d, 0xe4, 0x0,
    0x5, 0xde, 0x40, 0x0, 0x5d, 0xe4, 0x0, 0x5,
    0xde, 0x40, 0x0, 0x5d, 0xe4, 0x0, 0x5, 0xde,
    0x40, 0x0, 0x5d, 0xc7, 0x0, 0x8, 0xb5, 0xf7,
    0x37, 0xf4, 0x6, 0xdf, 0xd5, 0x0,

    /* U+00DA "Ú" */
    0x0, 0x4, 0xc0, 0x0, 0x0, 0xc3, 0x0, 0x0,
    0x0, 0x0, 0xe, 0x40, 0x0, 0x5d, 0xe4, 0x0,
    0x5, 0xde, 0x40, 0x0, 0x5d, 0xe4, 0x0, 0x5,
    0xde, 0x40, 0x0, 0x5d, 0xe4, 0x0, 0x5, 0xde,
    0x40, 0x0, 0x5d, 0xc7, 0x0, 0x8, 0xb5, 0xf7,
    0x37, 0xf4, 0x6, 0xdf, 0xd5, 0x0,

    /* U+00DB "Û" */
    0x0, 0x5f, 0x30, 0x0, 0xd, 0x5c, 0x0, 0x2,
    0x50, 0x61, 0xe, 0x40, 0x0, 0x5d, 0xe4, 0x0,
    0x5, 0xde, 0x40, 0x0, 0x5d, 0xe4, 0x0, 0x5,
    0xde, 0x40, 0x0, 0x5d, 0xe4, 0x0, 0x5, 0xde,
    0x40, 0x0, 0x5d, 0xc7, 0x0, 0x8, 0xb5, 0xf7,
    0x37, 0xf4, 0x6, 0xdf, 0xd5, 0x0,

    /* U+00DC "Ü" */
    0x2, 0x60, 0x70, 0x0, 0x4d, 0x1e, 0x20, 0x0,
    0x0, 0x0, 0xe, 0x40, 0x0, 0x5d, 0xe4, 0x0,
    0x5, 0xde, 0x40, 0x0, 0x5d, 0xe4, 0x0, 0x5,
    0xde, 0x40, 0x0, 0x5d, 0xe4, 0x0, 0x5, 0xde,
    0x40, 0x0, 0x5d, 0xc7, 0x0, 0x8, 0xb5, 0xf7,
    0x37, 0xf4, 0x6, 0xdf, 0xd5, 0x0,

    /* U+00DD "Ý" */
    0x0, 0x0, 0xa8, 0x0, 0x0, 0x1, 0xe1, 0x0,
    0x0, 0x2, 0x50, 0x0, 0x7c, 0x0, 0x0, 0xd7,
    0xe, 0x40, 0x5, 0xe0, 0x8, 0xc0, 0xc, 0x70,
    0x1, 0xf3, 0x4f, 0x0, 0x0, 0x8b, 0xb8, 0x0,
    0x0, 0x1f, 0xf1, 0x0, 0x0, 0xa, 0xa0, 0x0,
    0x0, 0x9, 0x90, 0x0, 0x0, 0x9, 0x90, 0x0,
    0x0, 0x9, 0x90, 0x0,

    /* U+00DE "Þ" */
    0xf, 0x20, 0x0, 0x0, 0xf, 0x20, 0x0, 0x0,
    0xf, 0xff, 0xea, 0x10, 0xf, 0x42, 0x3c, 0xb0,
    0xf, 0x20, 0x1, 0xf1, 0xf, 0x20, 0x1, 0xf2,
    0xf, 0x20, 0x9, 0xd0, 0xf, 0xff, 0xfd, 0x20,
    0xf, 0x42, 0x10, 0x0, 0xf, 0x20, 0x0, 0x0,

    /* U+00DF "ß" */
    0x0, 0x9f, 0xe9, 0x0, 0x9, 0xc2, 0x3d, 0x90,
    0xe, 0x30, 0x6, 0xc0, 0xf, 0x10, 0xa, 0x90,
    0xf, 0x1d, 0xfd, 0x0, 0xf, 0x11, 0x2b, 0xa0,
    0xf, 0x10, 0x1, 0xf0, 0xf, 0x10, 0x2, 0xf1,
    0xf, 0x21, 0x2b, 0xc0, 0xf, 0x3f, 0xfa, 0x10,

    /* U+00E0 "à" */
    0x0, 0x54, 0x0, 0x0, 0x4, 0xd0, 0x0, 0x0,
    0xc, 0x40, 0x0, 0x0, 0x0, 0x0, 0x1, 0xbf,
    0xc6, 0xe0, 0xab, 0x13, 0xee, 0x1f, 0x20, 0x7,
    0xe2, 0xf0, 0x0, 0x4e, 0x1f, 0x10, 0x6, 0xe0,
    0xba, 0x1, 0xee, 0x1, 0xbf, 0xd7, 0xe0,

    /* U+00E1 "á" */
    0x0, 0x0, 0x54, 0x0, 0x0, 0xe, 0x20, 0x0,
    0x5, 0xa0, 0x0, 0x0, 0x0, 0x0, 0x1, 0xbf,
    0xc6, 0xe0, 0xab, 0x13, 0xee, 0x1f, 0x20, 0x7,
    0xe2, 0xf0, 0x0, 0x4e, 0x1f, 0x10, 0x6, 0xe0,
    0xba, 0x1, 0xee, 0x1, 0xbf, 0xd7, 0xe0,

    /* U+00E2 "â" */
    0x0, 0xd, 0xb0, 0x0, 0x9, 0x79, 0x60, 0x0,
    0x20, 0x2, 0x0, 0x1b, 0xfc, 0x6e, 0xa, 0xb1,
    0x3e, 0xe1, 0xf2, 0x0, 0x7e, 0x2f, 0x0, 0x4,
    0xe1, 0xf1, 0x0, 0x6e, 0xb, 0xa0, 0x1e, 0xe0,
    0x1b, 0xfd, 0x7e,

    /* U+00E3 "ã" */
    0x0, 0x9d, 0x2c, 0x0, 0xb, 0x2d, 0x60, 0x0,
    0x0, 0x0, 0x0, 0x1b, 0xfc, 0x6e, 0xa, 0xb1,
    0x3e, 0xe1, 0xf2, 0x0, 0x7e, 0x2f, 0x0, 0x4,
    0xe1, 0xf1, 0x0, 0x6e, 0xb, 0xa0, 0x1e, 0xe0,
    0x1b, 0xfd, 0x7e,

    /* U+00E4 "ä" */
    0x0, 0xc5, 0x8a, 0x0, 0x6, 0x24, 0x50, 0x0,
    0x0, 0x0, 0x0, 0x1b, 0xfc, 0x6e, 0xa, 0xb1,
    0x3e, 0xe1, 0xf2, 0x0, 0x7e, 0x2f, 0x0, 0x4,
    0xe1, 0xf1, 0x0, 0x6e, 0xb, 0xa0, 0x1e, 0xe0,
    0x1b, 0xfd, 0x7e,

    /* U+00E5 "å" */
    0x0, 0x2d, 0xc1, 0x0, 0x8, 0x58, 0x60, 0x0,
    0x3d, 0xc1, 0x0, 0x0, 0x0, 0x0, 0x1, 0xbf,
    0xc6, 0xe0, 0xab, 0x13, 0xee, 0x1f, 0x20, 0x7,
    0xe2, 0xf0, 0x0, 0x4e, 0x1f, 0x10, 0x6, 0xe0,
    0xba, 0x1, 0xee, 0x1, 0xbf, 0xd7, 0xe0,

    /* U+00E6 "æ" */
    0x3, 0xcf, 0xc1, 0x7e, 0xe8, 0x0, 0xe6, 0x7,
    0xdb, 0x11, 0xc6, 0x3, 0x0, 0x1f, 0x30, 0x5,
    0xb0, 0x7e, 0xff, 0xff, 0xff, 0xfd, 0x2f, 0x20,
    0x2f, 0x30, 0x0, 0x13, 0xf3, 0x1a, 0xcc, 0x11,
    0xb8, 0x8, 0xee, 0x80, 0x8e, 0xe9, 0x0,

    /* U+00E7 "ç" */
    0x0, 0x9f, 0xe7, 0x0, 0x9c, 0x23, 0xe5, 0xf,
    0x20, 0x4, 0x52, 0xf0, 0x0, 0x0, 0x2f, 0x0,
    0x0, 0x10, 0xd7, 0x0, 0xa8, 0x4, 0xfb, 0xce,
    0x10, 0x2, 0xc7, 0x10, 0x0, 0xe, 0xb1, 0x0,
    0x0, 0x8, 0x50, 0x0, 0x1b, 0xa0, 0x0,

    /* U+00E8 "è" */
    0x0, 0x62, 0x0, 0x0, 0x6, 0xa0, 0x0, 0x0,
    0xe, 0x10, 0x0, 0x0, 0x0, 0x0, 0x1, 0xbf,
    0xd4, 0x0, 0xba, 0x15, 0xf1, 0x1f, 0x10, 0xa,
    0x62, 0xff, 0xff, 0xf7, 0x1f, 0x10, 0x1, 0x0,
    0xba, 0x13, 0xe3, 0x1, 0xaf, 0xd6, 0x0,

    /* U+00E9 "é" */
    0x0, 0x0, 0x62, 0x0, 0x0, 0x2e, 0x0, 0x0,
    0x8, 0x70, 0x0, 0x0, 0x0, 0x0, 0x1, 0xbf,
    0xd4, 0x0, 0xba, 0x15, 0xf1, 0x1f, 0x10, 0xa,
    0x62, 0xff, 0xff, 0xf7, 0x1f, 0x10, 0x1, 0x0,
    0xba, 0x13, 0xe3, 0x1, 0xaf, 0xd6, 0x0,

    /* U+00EA "ê" */
    0x0, 0x1e, 0x90, 0x0, 0xb, 0x4c, 0x40, 0x0,
    0x20, 0x1, 0x0, 0x1b, 0xfd, 0x40, 0xb, 0xa1,
    0x5f, 0x11, 0xf1, 0x0, 0xa6, 0x2f, 0xff, 0xff,
    0x71, 0xf1, 0x0, 0x10, 0xb, 0xa1, 0x3e, 0x30,
    0x1a, 0xfd, 0x60,

    /* U+00EB "ë" */
    0x0, 0xe3, 0xa7, 0x0, 0x7, 0x15, 0x30, 0x0,
    0x0, 0x0, 0x0, 0x1b, 0xfd, 0x40, 0xb, 0xa1,
    0x5f, 0x11, 0xf1, 0x0, 0xa6, 0x2f, 0xff, 0xff,
    0x71, 0xf1, 0x0, 0x10, 0xb, 0xa1, 0x3e, 0x30,
    0x1a, 0xfd, 0x60,

    /* U+00EC "ì" */
    0x7, 0x20, 0x8, 0x90, 0x1, 0xe0, 0x0, 0x0,
    0x0, 0xe3, 0x0, 0xe3, 0x0, 0xe3, 0x0, 0xe3,
    0x0, 0xe3, 0x0, 0xe3, 0x0, 0xe3,

    /* U+00ED "í" */
    0x7, 0x23, 0xd0, 0xa6, 0x0, 0x0, 0xe3, 0xe,
    0x30, 0xe3, 0xe, 0x30, 0xe3, 0xe, 0x30, 0xe3,
    0x0,

    /* U+00EE "î" */
    0x3, 0xe7, 0x0, 0xd2, 0xc3, 0x0, 0x0, 0x0,
    0xe, 0x30, 0x0, 0xe3, 0x0, 0xe, 0x30, 0x0,
    0xe3, 0x0, 0xe, 0x30, 0x0, 0xe3, 0x0, 0xe,
    0x30,

    /* U+00EF "ï" */
    0x1e, 0x2c, 0x50, 0x70, 0x62, 0x0, 0x0, 0x0,
    0xe, 0x30, 0x0, 0xe3, 0x0, 0xe, 0x30, 0x0,
    0xe3, 0x0, 0xe, 0x30, 0x0, 0xe3, 0x0, 0xe,
    0x30,

    /* U+00F0 "ð" */
    0x7, 0x51, 0x80, 0x0, 0x5f, 0xf8, 0x0, 0x7,
    0xba, 0xc1, 0x0, 0x0, 0xa, 0xb0, 0x1, 0xbf,
    0xcf, 0x40, 0xca, 0x2, 0xeb, 0x2f, 0x10, 0x6,
    0xe3, 0xe0, 0x0, 0x4e, 0x1f, 0x10, 0x7, 0xc0,
    0xbb, 0x13, 0xe5, 0x1, 0xaf, 0xe7, 0x0,

    /* U+00F1 "ñ" */
    0xd, 0xa5, 0x70, 0x38, 0x6e, 0x20, 0x0, 0x0,
    0x0, 0xf7, 0xde, 0x50, 0xfa, 0x4, 0xf0, 0xf3,
    0x0, 0xf3, 0xf2, 0x0, 0xe3, 0xf2, 0x0, 0xe3,
    0xf2, 0x0, 0xe3, 0xf2, 0x0, 0xe3,

    /* U+00F2 "ò" */
    0x0, 0x54, 0x0, 0x0, 0x0, 0x4d, 0x0, 0x0,
    0x0, 0xc, 0x30, 0x0, 0x0, 0x0, 0x0, 0x0,
    0x0, 0xaf, 0xe8, 0x0, 0xa, 0xc2, 0x3e, 0x70,
    0x1f, 0x20, 0x5, 0xe0, 0x3f, 0x0, 0x2, 0xf0,
    0x1f, 0x20, 0x5, 0xe0, 0xa, 0xc2, 0x3e, 0x70,
    0x0, 0xaf, 0xe8, 0x0,

    /* U+00F3 "ó" */
    0x0, 0x0, 0x53, 0x0, 0x0, 0x0, 0xe2, 0x0,
    0x0, 0x6, 0x90, 0x0, 0x0, 0x0, 0x0, 0x0,
    0x0, 0xaf, 0xe8, 0x0, 0xa, 0xc2, 0x3e, 0x70,
    0x1f, 0x20, 0x5, 0xe0, 0x3f, 0x0, 0x2, 0xf0,
    0x1f, 0x20, 0x5, 0xe0, 0xa, 0xc2, 0x3e, 0x70,
    0x0, 0xaf, 0xe8, 0x0,

    /* U+00F4 "ô" */
    0x0, 0xd, 0xb0, 0x0, 0x0, 0x96, 0x96, 0x0,
    0x0, 0x20, 0x1, 0x0, 0x0, 0xaf, 0xe8, 0x0,
    0xa, 0xc2, 0x3e, 0x70, 0x1f, 0x20, 0x5, 0xe0,
    0x3f, 0x0, 0x2, 0xf0, 0x1f, 0x20, 0x5, 0xe0,
    0xa, 0xc2, 0x3e, 0x70, 0x0, 0xaf, 0xe8, 0x0,

    /* U+00F5 "õ" */
    0x0, 0x9d, 0x2b, 0x0, 0x0, 0xb2, 0xd6, 0x0,
    0x0, 0x0, 0x0, 0x0, 0x0, 0xaf, 0xe8, 0x0,
    0xa, 0xc2, 0x3e, 0x70, 0x1f, 0x20, 0x5, 0xe0,
    0x3f, 0x0, 0x2, 0xf0, 0x1f, 0x20, 0x5, 0xe0,
    0xa, 0xc2, 0x3e, 0x70, 0x0, 0xaf, 0xe8, 0x0,

    /* U+00F6 "ö" */
    0x0, 0xc5, 0x89, 0x0, 0x0, 0x62, 0x44, 0x0,
    0x0, 0x0, 0x0, 0x0, 0x0, 0xaf, 0xe8, 0x0,
    0xa, 0xc2, 0x3e, 0x70, 0x1f, 0x20, 0x5, 0xe0,
    0x3f, 0x0, 0x2, 0xf0, 0x1f, 0x20, 0x5, 0xe0,
    0xa, 0xc2, 0x3e, 0x70, 0x0, 0xaf, 0xe8, 0x0,

    /* U+00F7 "÷" */
    0x0, 0x7a, 0x0, 0x0, 0x46, 0x0, 0x0, 0x0,
    0x0, 0x8f, 0xff, 0xf8, 0x0, 0x46, 0x0, 0x0,
    0x7b, 0x0,

    /* U+00F8 "ø" */
    0x0, 0x0, 0x4, 0x10, 0x1a, 0xfe, 0xe0, 0xb,
    0xb2, 0xaf, 0x62, 0xf1, 0x1c, 0x6d, 0x4e, 0x9,
    0x43, 0xf2, 0xf3, 0xb0, 0x6d, 0xb, 0xf6, 0x3e,
    0x60, 0x3e, 0xfe, 0x70, 0x4, 0x20, 0x0, 0x0,

    /* U+00F9 "ù" */
    0x7, 0x10, 0x0, 0x9, 0x70, 0x0, 0x2, 0xd0,
    0x0, 0x0, 0x0, 0x0, 0xf2, 0x0, 0xf2, 0xf2,
    0x0, 0xf2, 0xf2, 0x0, 0xf2, 0xf2, 0x0, 0xf2,
    0xf2, 0x2, 0xf2, 0xd8, 0x1a, 0xf2, 0x4e, 0xe6,
    0xf2,

    /* U+00FA "ú" */
    0x0, 0x7, 0x10, 0x0, 0x5c, 0x0, 0x0, 0xb4,
    0x0, 0x0, 0x0, 0x0, 0xf2, 0x0, 0xf2, 0xf2,
    0x0, 0xf2, 0xf2, 0x0, 0xf2, 0xf2, 0x0, 0xf2,
    0xf2, 0x2, 0xf2, 0xd8, 0x1a, 0xf2, 0x4e, 0xe6,
    0xf2,

    /* U+00FB "û" */
    0x4, 0xf6, 0x0, 0x1d, 0x2d, 0x20, 0x0, 0x0,
    0x0, 0xf2, 0x0, 0xf2, 0xf2, 0x0, 0xf2, 0xf2,
    0x0, 0xf2, 0xf2, 0x0, 0xf2, 0xf2, 0x2, 0xf2,
    0xd8, 0x1a, 0xf2, 0x4e, 0xe6, 0xf2,

    /* U+00FC "ü" */
    0x3e, 0xd, 0x40, 0x17, 0x7, 0x10, 0x0, 0x0,
    0x0, 0xf2, 0x0, 0xf2, 0xf2, 0x0, 0xf2, 0xf2,
    0x0, 0xf2, 0xf2, 0x0, 0xf2, 0xf2, 0x2, 0xf2,
    0xd8, 0x1a, 0xf2, 0x4e, 0xe6, 0xf2,

    /* U+00FD "ý" */
    0x0, 0x4, 0xd0, 0x0, 0x0, 0xa6, 0x0, 0x0,
    0x7, 0x0, 0x5, 0xd0, 0x0, 0xc6, 0xf, 0x20,
    0x1f, 0x10, 0xa7, 0x6, 0xb0, 0x5, 0xc0, 0xc6,
    0x0, 0xf, 0x3f, 0x10, 0x0, 0xbd, 0xb0, 0x0,
    0x5, 0xf6, 0x0, 0x0, 0x2f, 0x10, 0x0, 0x2b,
    0x80, 0x0, 0x8e, 0x90, 0x0, 0x0,

    /* U+00FE "þ" */
    0xf, 0x10, 0x0, 0x0, 0xf, 0x10, 0x0, 0x0,
    0xf, 0x10, 0x0, 0x0, 0xf, 0x5d, 0xfa, 0x0,
    0xf, 0xd2, 0x2d, 0x90, 0xf, 0x50, 0x4, 0xf0,
    0xf, 0x20, 0x1, 0xf1, 0xf, 0x50, 0x4, 0xf0,
    0xf, 0xd2, 0x2c, 0x90, 0xf, 0x5d, 0xfa, 0x0,
    0xf, 0x10, 0x0, 0x0, 0xf, 0x10, 0x0, 0x0,
    0xf, 0x10, 0x0, 0x0,

    /* U+00FF "ÿ" */
    0x4, 0xd1, 0xe2, 0x0, 0x26, 0x7, 0x0, 0x0,
    0x0, 0x0, 0x5, 0xd0, 0x0, 0xc6, 0xf, 0x20,
    0x1f, 0x10, 0xa7, 0x6, 0xb0, 0x5, 0xc0, 0xc6,
    0x0, 0xf, 0x3f, 0x10, 0x0, 0xbd, 0xb0, 0x0,
    0x5, 0xf6, 0x0, 0x0, 0x2f, 0x10, 0x0, 0x2b,
    0x80, 0x0, 0x8e, 0x90, 0x0, 0x0,

    /* U+0100 "Ā" */
    0x0, 0x6f, 0xff, 0x30, 0x0, 0x0, 0x0, 0x0,
    0x0, 0x0, 0x7, 0xf4, 0x0, 0x0, 0x0, 0xcf,
    0x90, 0x0, 0x0, 0x1f, 0x8e, 0x0, 0x0, 0x6,
    0xe1, 0xf3, 0x0, 0x0, 0xb9, 0xc, 0x80, 0x0,
    0x1f, 0x50, 0x7d, 0x0, 0x5, 0xf0, 0x3, 0xf3,
    0x0, 0xaf, 0xff, 0xff, 0x80, 0xf, 0x72, 0x22,
    0x9d, 0x4, 0xf0, 0x0, 0x2, 0xf2,

    /* U+0101 "ā" */
    0x0, 0xdf, 0xfb, 0x0, 0x0, 0x0, 0x0, 0x1,
    0xbf, 0xc6, 0xe0, 0xab, 0x13, 0xee, 0x1f, 0x20,
    0x7, 0xe2, 0xf0, 0x0, 0x4e, 0x1f, 0x10, 0x6,
    0xe0, 0xba, 0x1, 0xee, 0x1, 0xbf, 0xd7, 0xe0,

    /* U+0102 "Ă" */
    0x0, 0x33, 0x4, 0x20, 0x0, 0x4, 0xa0, 0xc1,
    0x0, 0x0, 0x9, 0xd7, 0x0, 0x0, 0x0, 0x7f,
    0x40, 0x0, 0x0, 0xc, 0xf9, 0x0, 0x0, 0x1,
    0xf8, 0xe0, 0x0, 0x0, 0x6e, 0x1f, 0x30, 0x0,
    0xb, 0x90, 0xc8, 0x0, 0x1, 0xf5, 0x7, 0xd0,
    0x0, 0x5f, 0x0, 0x3f, 0x30, 0xa, 0xff, 0xff,
    0xf8, 0x0, 0xf7, 0x22, 0x29, 0xd0, 0x4f, 0x0,
    0x0, 0x2f, 0x20,

    /* U+0103 "ă" */
    0x0, 0xd1, 0x3b, 0x0, 0x4, 0xcc, 0x30, 0x0,
    0x0, 0x0, 0x0, 0x1b, 0xfc, 0x6e, 0xa, 0xb1,
    0x3e, 0xe1, 0xf2, 0x0, 0x7e, 0x2f, 0x0, 0x4,
    0xe1, 0xf1, 0x0, 0x6e, 0xb, 0xa0, 0x1e, 0xe0,
    0x1b, 0xfd, 0x7e,

    /* U+0104 "Ą" */
    0x0, 0x7, 0xf4, 0x0, 0x0, 0x0, 0xcf, 0xa0,
    0x0, 0x0, 0x1f, 0x8e, 0x0, 0x0, 0x6, 0xe1,
    0xf4, 0x0, 0x0, 0xb9, 0xc, 0x90, 0x0, 0x1f,
    0x50, 0x7e, 0x0, 0x5, 0xf0, 0x3, 0xf4, 0x0,
    0xaf, 0xff, 0xff, 0x90, 0xf, 0x72, 0x22, 0x9e,
    0x4, 0xf0, 0x0, 0x2, 0xf2, 0x0, 0x0, 0x0,
    0x2b, 0x0, 0x0, 0x0, 0x1, 0xca,

    /* U+0105 "ą" */
    0x1, 0xbf, 0xc6, 0xe0, 0xa, 0xb1, 0x3e, 0xe0,
    0x1f, 0x20, 0x7, 0xe0, 0x2f, 0x0, 0x4, 0xe0,
    0x1f, 0x10, 0x6, 0xe0, 0xb, 0xa0, 0x1e, 0xe0,
    0x1, 0xbf, 0xd7, 0xe0, 0x0, 0x0, 0x7, 0x70,
    0x0, 0x0, 0x5, 0xd5,

    /* U+0106 "Ć" */
    0x0, 0x0, 0xd, 0x40, 0x0, 0x0, 0x5, 0xa0,
    0x0, 0x0, 0x0, 0x0, 0x0, 0x0, 0x3, 0xcf,
    0xe9, 0x10, 0x3, 0xf9, 0x34, 0xbd, 0x0, 0xc9,
    0x0, 0x0, 0xd6, 0x2f, 0x10, 0x0, 0x3, 0x34,
    0xe0, 0x0, 0x0, 0x0, 0x4e, 0x0, 0x0, 0x0,
    0x2, 0xf1, 0x0, 0x0, 0x33, 0xc, 0x90, 0x0,
    0xd, 0x60, 0x3f, 0x93, 0x4b, 0xd0, 0x0, 0x3c,
    0xfe, 0xa1, 0x0,

    /* U+0107 "ć" */
    0x0, 0x0, 0x75, 0x0, 0x0, 0xe, 0x10, 0x0,
    0x6, 0x90, 0x0, 0x0, 0x0, 0x0, 0x0, 0x9f,
    0xf9, 0x0, 0xab, 0x22, 0xc8, 0x1f, 0x10, 0x0,
    0x2, 0xf0, 0x0, 0x0, 0x1f, 0x10, 0x4, 0x50,
    0xab, 0x23, 0xe5, 0x0, 0xaf, 0xe7, 0x0,

    /* U+010A "Ċ" */
    0x0, 0x0, 0x53, 0x0, 0x0, 0x0, 0xb, 0x60,
    0x0, 0x0, 0x0, 0x0, 0x0, 0x0, 0x3, 0xcf,
    0xe9, 0x10, 0x3, 0xf9, 0x34, 0xbd, 0x0, 0xc9,
    0x0, 0x0, 0xd6, 0x2f, 0x10, 0x0, 0x3, 0x34,
    0xe0, 0x0, 0x0, 0x0, 0x4e, 0x0, 0x0, 0x0,
    0x2, 0xf1, 0x0, 0x0, 0x33, 0xc, 0x90, 0x0,
    0xd, 0x60, 0x3f, 0x93, 0x4b, 0xd0, 0x0, 0x3c,
    0xfe, 0xa1, 0x0,

    /* U+010B "ċ" */
    0x0, 0xa, 0x70, 0x0, 0x0, 0x53, 0x0, 0x0,
    0x0, 0x0, 0x0, 0x9, 0xfe, 0x80, 0xa, 0xb2,
    0x3d, 0x51, 0xf1, 0x0, 0x34, 0x2f, 0x0, 0x0,
    0x1, 0xf1, 0x0, 0x34, 0xa, 0xb2, 0x3d, 0x50,
    0xa, 0xfe, 0x80,

    /* U+010C "Č" */
    0x0, 0x7, 0x13, 0x40, 0x0, 0x0, 0x5a, 0xd2,
    0x0, 0x0, 0x0, 0x64, 0x0, 0x0, 0x3, 0xcf,
    0xe9, 0x10, 0x3, 0xf9, 0x34, 0xbd, 0x0, 0xc9,
    0x0, 0x0, 0xd6, 0x2f, 0x10, 0x0, 0x3, 0x34,
    0xe0, 0x0, 0x0, 0x0, 0x4e, 0x0, 0x0, 0x0,
    0x2, 0xf1, 0x0, 0x0, 0x33, 0xc, 0x90, 0x0,
    0xd, 0x60, 0x3f, 0x93, 0x4b, 0xd0, 0x0, 0x3c,
    0xfe, 0xa1, 0x0,

    /* U+010D "č" */
    0x0, 0xb5, 0x78, 0x0, 0x1, 0xdd, 0x0, 0x0,
    0x2, 0x20, 0x0, 0x9, 0xfe, 0x80, 0xa, 0xb2,
    0x3d, 0x61, 0xf1, 0x0, 0x23, 0x2f, 0x0, 0x0,
    0x1, 0xf1, 0x0, 0x34, 0xa, 0xb2, 0x3d, 0x50,
    0xa, 0xfe, 0x80,

    /* U+010E "Ď" */
    0x6, 0x12, 0x50, 0x0, 0x4, 0xbc, 0x30, 0x0,
    0x0, 0x55, 0x0, 0x0, 0xef, 0xff, 0xa2, 0x0,
    0xe5, 0x23, 0xae, 0x10, 0xe4, 0x0, 0xb, 0xa0,
    0xe4, 0x0, 0x3, 0xf0, 0xe4, 0x0, 0x0, 0xf2,
    0xe4, 0x0, 0x0, 0xf2, 0xe4, 0x0, 0x3, 0xf0,
    0xe4, 0x0, 0xb, 0xa0, 0xe5, 0x13, 0xae, 0x20,
    0xef, 0xff, 0xb2, 0x0,

    /* U+010F "ď" */
    0x0, 0x0, 0x4, 0xd2, 0xd0, 0x0, 0x0, 0x4d,
    0x3a, 0x0, 0x0, 0x4, 0xd2, 0x50, 0x1b, 0xfc,
    0x6d, 0x0, 0xb, 0xb1, 0x4e, 0xd0, 0x2, 0xf1,
    0x0, 0x8d, 0x0, 0x3e, 0x0, 0x5, 0xd0, 0x2,
    0xf1, 0x0, 0x8d, 0x0, 0xc, 0xb1, 0x3e, 0xd0,
    0x0, 0x1b, 0xfc, 0x6d, 0x0,

    /* U+0110 "Đ" */
    0x5, 0xff, 0xfd, 0x70, 0x0, 0x5e, 0x22, 0x5e,
    0xa0, 0x5, 0xd0, 0x0, 0x2f, 0x30, 0x5d, 0x0,
    0x0, 0xa9, 0x5, 0xd0, 0x0, 0x7, 0xc7, 0xff,
    0xfb, 0x0, 0x7c, 0x16, 0xe2, 0x10, 0xa, 0x90,
    0x5d, 0x0, 0x2, 0xf4, 0x5, 0xd1, 0x14, 0xea,
    0x0, 0x5f, 0xff, 0xe7, 0x0,

    /* U+0111 "đ" */
    0x0, 0x0, 0x4, 0xd0, 0x0, 0x0, 0xff, 0xff,
    0x0, 0x0, 0x4, 0xd0, 0x1, 0xbf, 0xc6, 0xd0,
    0xb, 0xb1, 0x4e, 0xd0, 0x2f, 0x10, 0x8, 0xd0,
    0x3e, 0x0, 0x5, 0xd0, 0x2f, 0x10, 0x8, 0xd0,
    0xc, 0xb1, 0x3e, 0xd0, 0x1, 0xbf, 0xc6, 0xd0,

    /* U+0112 "Ē" */
    0xb, 0xff, 0xc0, 0x0, 0x0, 0x0, 0xef, 0xff,
    0xfb, 0xe5, 0x22, 0x21, 0xe4, 0x0, 0x0, 0xe4,
    0x0, 0x0, 0xe4, 0x0, 0x0, 0xef, 0xff, 0xf2,
    0xe5, 0x22, 0x20, 0xe4, 0x0, 0x0, 0xe5, 0x11,
    0x11, 0xef, 0xff, 0xfc,

    /* U+0113 "ē" */
    0x1, 0xff, 0xf8, 0x0, 0x0, 0x0, 0x0, 0x1,
    0xbf, 0xd4, 0x0, 0xba, 0x15, 0xf1, 0x1f, 0x10,
    0xa, 0x62, 0xff, 0xff, 0xf7, 0x1f, 0x10, 0x1,
    0x0, 0xba, 0x13, 0xe3, 0x1, 0xaf, 0xd6, 0x0,

    /* U+0116 "Ė" */
    0x0, 0x44, 0x0, 0x0, 0x89, 0x0, 0x0, 0x0,
    0x0, 0xef, 0xff, 0xfb, 0xe5, 0x22, 0x21, 0xe4,
    0x0, 0x0, 0xe4, 0x0, 0x0, 0xe4, 0x0, 0x0,
    0xef, 0xff, 0xf2, 0xe5, 0x22, 0x20, 0xe4, 0x0,
    0x0, 0xe5, 0x11, 0x11, 0xef, 0xff, 0xfc,

    /* U+0117 "ė" */
    0x0, 0xc, 0x50, 0x0, 0x0, 0x62, 0x0, 0x0,
    0x0, 0x0, 0x0, 0x1b, 0xfd, 0x40, 0xb, 0xa1,
    0x5f, 0x11, 0xf1, 0x0, 0xa6, 0x2f, 0xff, 0xff,
    0x71, 0xf1, 0x0, 0x10, 0xb, 0xa1, 0x3e, 0x30,
    0x1a, 0xfd, 0x60,

    /* U+0118 "Ę" */
    0xef, 0xff, 0xfb, 0xe, 0x52, 0x22, 0x10, 0xe4,
    0x0, 0x0, 0xe, 0x40, 0x0, 0x0, 0xe4, 0x0,
    0x0, 0xe, 0xff, 0xff, 0x20, 0xe5, 0x22, 0x20,
    0xe, 0x40, 0x0, 0x0, 0xe5, 0x11, 0x11, 0xe,
    0xff, 0xff, 0xc0, 0x0, 0x0, 0x94, 0x0, 0x0,
    0x7, 0xd3,

    /* U+0119 "ę" */
    0x0, 0xaf, 0xd3, 0x0, 0x9c, 0x26, 0xe0, 0xf,
    0x40, 0xd, 0x42, 0xf0, 0x0, 0xa7, 0x2f, 0xee,
    0xee, 0x70, 0xf1, 0x0, 0x11, 0x8, 0xa2, 0x4e,
    0x30, 0x9, 0xfc, 0x50, 0x0, 0x3b, 0x0, 0x0,
    0x2, 0xd9, 0x0,

    /* U+011A "Ě" */
    0x5, 0x21, 0x60, 0x3, 0xcc, 0x40, 0x0, 0x55,
    0x0, 0xef, 0xff, 0xfb, 0xe5, 0x22, 0x21, 0xe4,
    0x0, 0x0, 0xe4, 0x0, 0x0, 0xe4, 0x0, 0x0,
    0xef, 0xff, 0xf2, 0xe5, 0x22, 0x20, 0xe4, 0x0,
    0x0, 0xe5, 0x11, 0x11, 0xef, 0xff, 0xfc,

    /* U+011B "ě" */
    0x0, 0xd2, 0xa5, 0x0, 0x3, 0xdb, 0x0, 0x0,
    0x3, 0x10, 0x0, 0x1b, 0xfd, 0x40, 0xb, 0xa1,
    0x5f, 0x11, 0xf1, 0x0, 0xa6, 0x2f, 0xff, 0xff,
    0x71, 0xf1, 0x0, 0x10, 0xb, 0xa1, 0x3e, 0x30,
    0x1a, 0xfd, 0x60,

    /* U+011E "Ğ" */
    0x0, 0x7, 0x1, 0x60, 0x0, 0x0, 0x6c, 0xc5,
    0x0, 0x0, 0x0, 0x0, 0x0, 0x0, 0x3, 0xbf,
    0xea, 0x10, 0x3, 0xf9, 0x34, 0xbd, 0x0, 0xd9,
    0x0, 0x0, 0xd6, 0x2f, 0x10, 0x0, 0x3, 0x34,
    0xe0, 0x0, 0x0, 0x0, 0x4e, 0x0, 0xe, 0xee,
    0xb2, 0xf1, 0x0, 0x11, 0x7b, 0xd, 0x90, 0x0,
    0xb, 0x70, 0x3f, 0x93, 0x3a, 0xe1, 0x0, 0x3b,
    0xfe, 0xa1, 0x0,

    /* U+011F "ğ" */
    0x0, 0xd0, 0x1c, 0x0, 0xb, 0x35, 0x80, 0x0,
    0x2c, 0xc1, 0x0, 0x1b, 0xfc, 0x6f, 0xb, 0xb1,
    0x3e, 0xf1, 0xf2, 0x0, 0x6f, 0x2f, 0x0, 0x4,
    0xf1, 0xf2, 0x0, 0x6f, 0xb, 0xb1, 0x3e, 0xf0,
    0x1b, 0xfc, 0x6e, 0x6, 0x20, 0x5, 0xd0, 0x9c,
    0x22, 0xd8, 0x0, 0x9e, 0xe9, 0x0,

    /* U+0120 "Ġ" */
    0x0, 0x0, 0x43, 0x0, 0x0, 0x0, 0x9, 0x80,
    0x0, 0x0, 0x0, 0x0, 0x0, 0x0, 0x3, 0xbf,
    0xea, 0x10, 0x3, 0xf9, 0x34, 0xbd, 0x0, 0xd9,
    0x0, 0x0, 0xd6, 0x2f, 0x10, 0x0, 0x3, 0x34,
    0xe0, 0x0, 0x0, 0x0, 0x4e, 0x0, 0xe, 0xee,
    0xb2, 0xf1, 0x0, 0x11, 0x7b, 0xd, 0x90, 0x0,
    0xb, 0x70, 0x3f, 0x93, 0x3a, 0xe1, 0x0, 0x3b,
    0xfe, 0xa1, 0x0,

    /* U+0121 "ġ" */
    0x0, 0xa, 0x70, 0x0, 0x0, 0x53, 0x0, 0x0,
    0x0, 0x0, 0x0, 0x1b, 0xfc, 0x6f, 0xb, 0xb1,
    0x3e, 0xf1, 0xf2, 0x0, 0x6f, 0x2f, 0x0, 0x4,
    0xf1, 0xf2, 0x0, 0x6f, 0xb, 0xb1, 0x3e, 0xf0,
    0x1b, 0xfc, 0x6e, 0x6, 0x20, 0x5, 0xd0, 0x9c,
    0x22, 0xd8, 0x0, 0x9e, 0xe9, 0x0,

    /* U+0126 "Ħ" */
    0x8, 0xa0, 0x0, 0x1f, 0x19, 0xff, 0xff, 0xff,
    0xfe, 0x19, 0xb2, 0x22, 0x3f, 0x30, 0x8a, 0x0,
    0x1, 0xf1, 0x8, 0xa0, 0x0, 0x1f, 0x10, 0x8f,
    0xff, 0xff, 0xf1, 0x8, 0xb2, 0x22, 0x3f, 0x10,
    0x8a, 0x0, 0x1, 0xf1, 0x8, 0xa0, 0x0, 0x1f,
    0x10, 0x8a, 0x0, 0x1, 0xf1,

    /* U+0127 "ħ" */
    0x9, 0x90, 0x0, 0xc, 0xff, 0xf2, 0x0, 0x9,
    0x90, 0x0, 0x0, 0x99, 0xbf, 0xa0, 0x9, 0xf3,
    0x2e, 0x60, 0x9a, 0x0, 0x89, 0x9, 0x90, 0x8,
    0x90, 0x99, 0x0, 0x89, 0x9, 0x90, 0x8, 0x90,
    0x99, 0x0, 0x89,

    /* U+0128 "Ĩ" */
    0xc, 0xa4, 0x72, 0x96, 0xe3, 0x0, 0x0, 0x0,
    0xe, 0x40, 0x0, 0xe4, 0x0, 0xe, 0x40, 0x0,
    0xe4, 0x0, 0xe, 0x40, 0x0, 0xe4, 0x0, 0xe,
    0x40, 0x0, 0xe4, 0x0, 0xe, 0x40, 0x0, 0xe4,
    0x0,

    /* U+0129 "ĩ" */
    0xd, 0xa5, 0x72, 0x95, 0xe3, 0x0, 0x0, 0x0,
    0xe, 0x30, 0x0, 0xe3, 0x0, 0xe, 0x30, 0x0,
    0xe3, 0x0, 0xe, 0x30, 0x0, 0xe3, 0x0, 0xe,
    0x30,

    /* U+012A "Ī" */
    0x2f, 0xff, 0x70, 0x0, 0x0, 0x0, 0xe4, 0x0,
    0xe, 0x40, 0x0, 0xe4, 0x0, 0xe, 0x40, 0x0,
    0xe4, 0x0, 0xe, 0x40, 0x0, 0xe4, 0x0, 0xe,
    0x40, 0x0, 0xe4, 0x0, 0xe, 0x40,

    /* U+012B "ī" */
    0x2f, 0xff, 0x70, 0x0, 0x0, 0x0, 0xe3, 0x0,
    0xe, 0x30, 0x0, 0xe3, 0x0, 0xe, 0x30, 0x0,
    0xe3, 0x0, 0xe, 0x30, 0x0, 0xe3, 0x0,

    /* U+012E "Į" */
    0xe, 0x40, 0xe4, 0xe, 0x40, 0xe4, 0xe, 0x40,
    0xe4, 0xe, 0x40, 0xe4, 0xe, 0x40, 0xe4, 0x2b,
    0x1, 0xc9,

    /* U+012F "į" */
    0xd, 0x30, 0x71, 0x0, 0x0, 0xe3, 0xe, 0x30,
    0xe3, 0xe, 0x30, 0xe3, 0xe, 0x30, 0xe3, 0x3b,
    0x2, 0xc9,

    /* U+0130 "İ" */
    0x7, 0x10, 0xd3, 0x0, 0x0, 0xe4, 0xe, 0x40,
    0xe4, 0xe, 0x40, 0xe4, 0xe, 0x40, 0xe4, 0xe,
    0x40, 0xe4, 0xe, 0x40,

    /* U+0131 "ı" */
    0xe3, 0xe3, 0xe3, 0xe3, 0xe3, 0xe3, 0xe3,

    /* U+0139 "Ĺ" */
    0xe, 0x30, 0x0, 0x4b, 0x0, 0x0, 0x42, 0x0,
    0x0, 0xe4, 0x0, 0x0, 0xe4, 0x0, 0x0, 0xe4,
    0x0, 0x0, 0xe4, 0x0, 0x0, 0xe4, 0x0, 0x0,
    0xe4, 0x0, 0x0, 0xe4, 0x0, 0x0, 0xe4, 0x0,
    0x0, 0xe5, 0x11, 0x11, 0xef, 0xff, 0xfd,

    /* U+013A "ĺ" */
    0x7, 0x23, 0xd0, 0xa6, 0x0, 0x0, 0xe3, 0xe,
    0x30, 0xe3, 0xe, 0x30, 0xe3, 0xe, 0x30, 0xe3,
    0xe, 0x30, 0xe3, 0xe, 0x30,

    /* U+013D "Ľ" */
    0x7, 0x3, 0x40, 0x0, 0x6, 0xad, 0x10, 0x0,
    0x0, 0x73, 0x0, 0x0, 0x0, 0xe4, 0x0, 0x0,
    0x0, 0xe4, 0x0, 0x0, 0x0, 0xe4, 0x0, 0x0,
    0x0, 0xe4, 0x0, 0x0, 0x0, 0xe4, 0x0, 0x0,
    0x0, 0xe4, 0x0, 0x0, 0x0, 0xe4, 0x0, 0x0,
    0x0, 0xe4, 0x0, 0x0, 0x0, 0xe5, 0x11, 0x11,
    0x0, 0xef, 0xff, 0xfd,

    /* U+013E "ľ" */
    0xf, 0x1d, 0x20, 0xf1, 0xd0, 0xf, 0x18, 0x0,
    0xf1, 0x0, 0xf, 0x10, 0x0, 0xf1, 0x0, 0xf,
    0x10, 0x0, 0xf1, 0x0, 0xf, 0x10, 0x0, 0xf1,
    0x0,

    /* U+0141 "Ł" */
    0xb, 0x70, 0x0, 0x0, 0xb, 0x70, 0x0, 0x0,
    0xb, 0x70, 0x0, 0x0, 0xb, 0x73, 0x30, 0x0,
    0x3d, 0xfd, 0x40, 0x0, 0xbe, 0x80, 0x0, 0x0,
    0xb, 0x70, 0x0, 0x0, 0xb, 0x70, 0x0, 0x0,
    0xb, 0x71, 0x11, 0x10, 0xb, 0xff, 0xff, 0xf0,

    /* U+0142 "ł" */
    0x2, 0xf0, 0x0, 0x2f, 0x0, 0x2, 0xf0, 0x0,
    0x2f, 0x3, 0x17, 0xff, 0x89, 0xcf, 0x10, 0x2,
    0xf0, 0x0, 0x2f, 0x0, 0x2, 0xf0, 0x0, 0x2f,
    0x0,

    /* U+0143 "Ń" */
    0x0, 0x2, 0xe0, 0x0, 0x0, 0x97, 0x0, 0x0,
    0x7, 0x0, 0xe, 0x70, 0x0, 0x3f, 0xef, 0x10,
    0x3, 0xfe, 0xea, 0x0, 0x3f, 0xe5, 0xf4, 0x3,
    0xfe, 0x47, 0xd0, 0x3f, 0xe4, 0xd, 0x73, 0xfe,
    0x40, 0x4f, 0x5f, 0xe4, 0x0, 0xae, 0xfe, 0x40,
    0x1, 0xef, 0xe4, 0x0, 0x6, 0xf0,

    /* U+0144 "ń" */
    0x0, 0x7, 0x10, 0x0, 0x3d, 0x0, 0x0, 0xa5,
    0x0, 0x0, 0x0, 0x0, 0xf7, 0xde, 0x50, 0xfa,
    0x4, 0xf0, 0xf3, 0x0, 0xf3, 0xf2, 0x0, 0xe3,
    0xf2, 0x0, 0xe3, 0xf2, 0x0, 0xe3, 0xf2, 0x0,
    0xe3,

    /* U+0147 "Ň" */
    0x2, 0x60, 0x62, 0x0, 0xb, 0x9b, 0x0, 0x0,
    0x17, 0x10, 0xe, 0x70, 0x0, 0x3f, 0xef, 0x10,
    0x3, 0xfe, 0xea, 0x0, 0x3f, 0xe5, 0xf4, 0x3,
    0xfe, 0x47, 0xd0, 0x3f, 0xe4, 0xd, 0x73, 0xfe,
    0x40, 0x4f, 0x5f, 0xe4, 0x0, 0xae, 0xfe, 0x40,
    0x1, 0xef, 0xe4, 0x0, 0x6, 0xf0,

    /* U+0148 "ň" */
    0x1d, 0x2c, 0x30, 0x4, 0xe9, 0x0, 0x0, 0x20,
    0x0, 0xf7, 0xde, 0x50, 0xfa, 0x4, 0xf0, 0xf3,
    0x0, 0xf3, 0xf2, 0x0, 0xe3, 0xf2, 0x0, 0xe3,
    0xf2, 0x0, 0xe3, 0xf2, 0x0, 0xe3,

    /* U+014C "Ō" */
    0x0, 0xd, 0xff, 0xb0, 0x0, 0x0, 0x0, 0x0,
    0x0, 0x0, 0x0, 0x2b, 0xff, 0xa2, 0x0, 0x2,
    0xfa, 0x34, 0xbe, 0x20, 0xb, 0xa0, 0x0, 0xb,
    0xa0, 0x2f, 0x20, 0x0, 0x3, 0xf0, 0x4e, 0x0,
    0x0, 0x0, 0xf3, 0x4e, 0x0, 0x0, 0x0, 0xf3,
    0x2f, 0x20, 0x0, 0x3, 0xf0, 0xb, 0x90, 0x0,
    0xb, 0xb0, 0x3, 0xfa, 0x33, 0xbe, 0x20, 0x0,
    0x3b, 0xff, 0xb2, 0x0,

    /* U+014D "ō" */
    0x0, 0xdf, 0xfa, 0x0, 0x0, 0x0, 0x0, 0x0,
    0x0, 0xaf, 0xe8, 0x0, 0xa, 0xc2, 0x3e, 0x70,
    0x1f, 0x20, 0x5, 0xe0, 0x3f, 0x0, 0x2, 0xf0,
    0x1f, 0x20, 0x5, 0xe0, 0xa, 0xc2, 0x3e, 0x70,
    0x0, 0xaf, 0xe8, 0x0,

    /* U+0150 "Ő" */
    0x0, 0x0, 0x51, 0x50, 0x0, 0x0, 0x2, 0xe3,
    0xe0, 0x0, 0x0, 0x6, 0x97, 0x80, 0x0, 0x0,
    0x0, 0x0, 0x0, 0x0, 0x0, 0x2b, 0xff, 0xa2,
    0x0, 0x2, 0xfa, 0x34, 0xbe, 0x20, 0xb, 0xa0,
    0x0, 0xb, 0xa0, 0x2f, 0x20, 0x0, 0x3, 0xf0,
    0x4e, 0x0, 0x0, 0x0, 0xf3, 0x4e, 0x0, 0x0,
    0x0, 0xf3, 0x2f, 0x20, 0x0, 0x3, 0xf0, 0xb,
    0x90, 0x0, 0xb, 0xb0, 0x3, 0xfa, 0x33, 0xbe,
    0x20, 0x0, 0x3b, 0xff, 0xb2, 0x0,

    /* U+0151 "ő" */
    0x0, 0x5, 0x15, 0x0, 0x0, 0x3e, 0x4d, 0x0,
    0x0, 0x78, 0x88, 0x0, 0x0, 0x0, 0x0, 0x0,
    0x0, 0xaf, 0xe8, 0x0, 0xa, 0xc2, 0x3e, 0x70,
    0x1f, 0x20, 0x5, 0xe0, 0x3f, 0x0, 0x2, 0xf0,
    0x1f, 0x20, 0x5, 0xe0, 0xa, 0xc2, 0x3e, 0x70,
    0x0, 0xaf, 0xe8, 0x0,

    /* U+0152 "Œ" */
    0x0, 0x2a, 0xef, 0xff, 0xff, 0xf2, 0x3, 0xfa,
    0x37, 0xd2, 0x22, 0x20, 0xc, 0x90, 0x5, 0xd0,
    0x0, 0x0, 0x2f, 0x10, 0x5, 0xd0, 0x0, 0x0,
    0x4e, 0x0, 0x5, 0xd0, 0x0, 0x0, 0x4e, 0x0,
    0x5, 0xff, 0xff, 0x90, 0x2f, 0x10, 0x5, 0xd2,
    0x22, 0x10, 0xc, 0x90, 0x5, 0xd0, 0x0, 0x0,
    0x3, 0xf9, 0x36, 0xd1, 0x11, 0x10, 0x0, 0x2b,
    0xff, 0xff, 0xff, 0xf3,

    /* U+0153 "œ" */
    0x1, 0xaf, 0xe7, 0xa, 0xfe, 0x50, 0xb, 0xb1,
    0x3e, 0xcb, 0x15, 0xf2, 0x2f, 0x10, 0x6, 0xf2,
    0x0, 0xa7, 0x4e, 0x0, 0x3, 0xff, 0xff, 0xf8,
    0x2f, 0x10, 0x6, 0xf1, 0x0, 0x10, 0xb, 0xb1,
    0x3e, 0xdb, 0x13, 0xe4, 0x1, 0xaf, 0xe7, 0xa,
    0xfe, 0x60,

    /* U+0154 "Ŕ" */
    0x0, 0x6c, 0x0, 0x0, 0xc, 0x40, 0x0, 0x0,
    0x70, 0x0, 0xe, 0xff, 0xfa, 0x10, 0xe5, 0x22,
    0xca, 0xe, 0x40, 0x4, 0xf0, 0xe4, 0x0, 0x3f,
    0xe, 0x40, 0xb, 0xb0, 0xef, 0xff, 0xc1, 0xe,
    0x52, 0xe6, 0x0, 0xe4, 0x5, 0xe0, 0xe, 0x40,
    0xc, 0x80, 0xe4, 0x0, 0x3f, 0x10,

    /* U+0155 "ŕ" */
    0x0, 0x71, 0x4, 0xd0, 0xa, 0x50, 0x0, 0x0,
    0xe9, 0xe8, 0xec, 0x20, 0xe5, 0x0, 0xe3, 0x0,
    0xe3, 0x0, 0xe3, 0x0, 0xe3, 0x0,

    /* U+0158 "Ř" */
    0x34, 0x7, 0x0, 0x0, 0xc9, 0x80, 0x0, 0x2,
    0x70, 0x0, 0xe, 0xff, 0xfa, 0x10, 0xe5, 0x22,
    0xca, 0xe, 0x40, 0x4, 0xf0, 0xe4, 0x0, 0x3f,
    0xe, 0x40, 0xb, 0xb0, 0xef, 0xff, 0xc1, 0xe,
    0x52, 0xe6, 0x0, 0xe4, 0x5, 0xe0, 0xe, 0x40,
    0xc, 0x80, 0xe4, 0x0, 0x3f, 0x10,

    /* U+0159 "ř" */
    0x1d, 0x1c, 0x30, 0x4e, 0x80, 0x0, 0x20, 0x0,
    0xe9, 0xe8, 0xe, 0xc2, 0x0, 0xe5, 0x0, 0xe,
    0x30, 0x0, 0xe3, 0x0, 0xe, 0x30, 0x0, 0xe3,
    0x0,

    /* U+015A "Ś" */
    0x0, 0x0, 0xd3, 0x0, 0x0, 0x6, 0x90, 0x0,
    0x0, 0x0, 0x0, 0x0, 0x2, 0xbf, 0xe7, 0x0,
    0xd, 0xa2, 0x4e, 0x50, 0x1f, 0x10, 0x5, 0x70,
    0xf, 0x80, 0x0, 0x0, 0x5, 0xff, 0xb4, 0x0,
    0x0, 0x5, 0xaf, 0x70, 0x0, 0x0, 0x5, 0xf0,
    0x4f, 0x0, 0x3, 0xf0, 0xc, 0xb3, 0x3c, 0xa0,
    0x1, 0xae, 0xfa, 0x10,

    /* U+015B "ś" */
    0x0, 0x0, 0x30, 0x0, 0x8, 0x90, 0x0, 0xe,
    0x10, 0x0, 0x1, 0x0, 0x6, 0xee, 0x70, 0x1f,
    0x32, 0xe3, 0x1f, 0x61, 0x0, 0x4, 0xcf, 0xb1,
    0x2, 0x1, 0xc7, 0x2f, 0x41, 0xc7, 0x6, 0xdf,
    0xa0,

    /* U+015E "Ş" */
    0x2, 0xbf, 0xe7, 0x0, 0xd, 0xa2, 0x4e, 0x50,
    0x1f, 0x10, 0x5, 0x70, 0xf, 0x80, 0x0, 0x0,
    0x5, 0xff, 0xb4, 0x0, 0x0, 0x5, 0xaf, 0x70,
    0x0, 0x0, 0x5, 0xf0, 0x3f, 0x0, 0x3, 0xf0,
    0xc, 0xb3, 0x3c, 0xa0, 0x1, 0xaf, 0xfa, 0x10,
    0x0, 0x2e, 0xa0, 0x0, 0x0, 0x0, 0xb1, 0x0,
    0x0, 0x3b, 0x80, 0x0,

    /* U+015F "ş" */
    0x6, 0xee, 0x70, 0x1f, 0x32, 0xe3, 0x1f, 0x40,
    0x0, 0x8, 0xfe, 0x70, 0x0, 0x16, 0xe6, 0x3b,
    0x0, 0x98, 0xc, 0xc9, 0xf3, 0x1, 0x9b, 0x30,
    0x0, 0xac, 0x60, 0x0, 0x9b, 0x50,

    /* U+0160 "Š" */
    0x0, 0x71, 0x44, 0x0, 0x0, 0x5b, 0xd1, 0x0,
    0x0, 0x4, 0x20, 0x0, 0x2, 0xbf, 0xe6, 0x0,
    0xd, 0xa2, 0x5f, 0x40, 0x1f, 0x10, 0x8, 0xa0,
    0xf, 0x80, 0x0, 0x0, 0x5, 0xff, 0xb4, 0x0,
    0x0, 0x5, 0xaf, 0x70, 0x0, 0x0, 0x5, 0xf0,
    0x3e, 0x0, 0x3, 0xf0, 0xd, 0xb3, 0x3c, 0xa0,
    0x1, 0xbe, 0xfa, 0x10,

    /* U+0161 "š" */
    0x5, 0xa2, 0xd0, 0x0, 0xae, 0x30, 0x0, 0x2,
    0x0, 0x6, 0xee, 0x90, 0x1f, 0x31, 0x82, 0x1f,
    0x61, 0x0, 0x4, 0xcf, 0xb1, 0x13, 0x1, 0xc7,
    0x1f, 0x41, 0xc7, 0x5, 0xdf, 0xa0,

    /* U+0162 "Ţ" */
    0x7f, 0xff, 0xff, 0xf4, 0x2, 0x2b, 0x82, 0x20,
    0x0, 0xb, 0x70, 0x0, 0x0, 0xb, 0x70, 0x0,
    0x0, 0xb, 0x70, 0x0, 0x0, 0xb, 0x70, 0x0,
    0x0, 0xb, 0x70, 0x0, 0x0, 0xb, 0x70, 0x0,
    0x0, 0xb, 0x70, 0x0, 0x0, 0xb, 0x70, 0x0,
    0x0, 0x8, 0x40, 0x0, 0x0, 0xc, 0xb4, 0x0,
    0x0, 0xa, 0xb3, 0x0,

    /* U+0163 "ţ" */
    0x3, 0x50, 0x0, 0x7b, 0x0, 0x9f, 0xff, 0x40,
    0x7b, 0x0, 0x7, 0xb0, 0x0, 0x7b, 0x0, 0x6,
    0xb0, 0x0, 0x5d, 0x20, 0x0, 0xbf, 0x70, 0x9,
    0xd5, 0x0, 0x2, 0xa0, 0x8, 0xb3,

    /* U+0164 "Ť" */
    0x0, 0x61, 0x25, 0x0, 0x0, 0x4b, 0xc2, 0x0,
    0x0, 0x6, 0x40, 0x0, 0x7f, 0xff, 0xff, 0xf4,
    0x2, 0x2b, 0x82, 0x20, 0x0, 0xb, 0x70, 0x0,
    0x0, 0xb, 0x70, 0x0, 0x0, 0xb, 0x70, 0x0,
    0x0, 0xb, 0x70, 0x0, 0x0, 0xb, 0x70, 0x0,
    0x0, 0xb, 0x70, 0x0, 0x0, 0xb, 0x70, 0x0,
    0x0, 0xb, 0x70, 0x0,

    /* U+0165 "ť" */
    0x0, 0x3, 0x70, 0x0, 0x58, 0x4, 0x76, 0x60,
    0x7b, 0x0, 0x9f, 0xff, 0x40, 0x7b, 0x0, 0x7,
    0xb0, 0x0, 0x7b, 0x0, 0x6, 0xb0, 0x0, 0x5d,
    0x20, 0x0, 0xbf, 0x70,

    /* U+0166 "Ŧ" */
    0x7f, 0xff, 0xff, 0xf4, 0x2, 0x2b, 0x82, 0x20,
    0x0, 0xb, 0x70, 0x0, 0x0, 0xb, 0x70, 0x0,
    0x0, 0xb, 0x70, 0x0, 0xf, 0xff, 0xff, 0xc0,
    0x2, 0x2b, 0x92, 0x10, 0x0, 0xb, 0x70, 0x0,
    0x0, 0xb, 0x70, 0x0, 0x0, 0xb, 0x70, 0x0,

    /* U+0167 "ŧ" */
    0x3, 0x50, 0x0, 0x7b, 0x0, 0x9f, 0xff, 0x40,
    0x7b, 0x0, 0x5f, 0xfd, 0x0, 0x8b, 0x10, 0x6,
    0xb0, 0x0, 0x5d, 0x20, 0x0, 0xbf, 0x70,

    /* U+0168 "Ũ" */
    0x2, 0xd7, 0x83, 0x0, 0x65, 0x9d, 0x0, 0x0,
    0x0, 0x0, 0xe, 0x40, 0x0, 0x5d, 0xe4, 0x0,
    0x5, 0xde, 0x40, 0x0, 0x5d, 0xe4, 0x0, 0x5,
    0xde, 0x40, 0x0, 0x5d, 0xe4, 0x0, 0x5, 0xde,
    0x40, 0x0, 0x5d, 0xc7, 0x0, 0x8, 0xb5, 0xf7,
    0x37, 0xf4, 0x6, 0xdf, 0xd5, 0x0,

    /* U+0169 "ũ" */
    0xd, 0x96, 0x60, 0x47, 0x7d, 0x10, 0x0, 0x0,
    0x0, 0xf2, 0x0, 0xf2, 0xf2, 0x0, 0xf2, 0xf2,
    0x0, 0xf2, 0xf2, 0x0, 0xf2, 0xf2, 0x2, 0xf2,
    0xd8, 0x1a, 0xf2, 0x4e, 0xe6, 0xf2,

    /* U+016A "Ū" */
    0x6, 0xff, 0xf3, 0x0, 0x0, 0x0, 0x0, 0xe4,
    0x0, 0x5, 0xde, 0x40, 0x0, 0x5d, 0xe4, 0x0,
    0x5, 0xde, 0x40, 0x0, 0x5d, 0xe4, 0x0, 0x5,
    0xde, 0x40, 0x0, 0x5d, 0xe4, 0x0, 0x5, 0xdc,
    0x70, 0x0, 0x8b, 0x5f, 0x73, 0x7f, 0x40, 0x6d,
    0xfd, 0x50,

    /* U+016B "ū" */
    0x3f, 0xff, 0x50, 0x0, 0x0, 0x0, 0xf2, 0x0,
    0xf2, 0xf2, 0x0, 0xf2, 0xf2, 0x0, 0xf2, 0xf2,
    0x0, 0xf2, 0xf2, 0x2, 0xf2, 0xd8, 0x1a, 0xf2,
    0x4e, 0xe6, 0xf2,

    /* U+016E "Ů" */
    0x0, 0x9d, 0x60, 0x0, 0xd, 0x1d, 0x0, 0x0,
    0x9d, 0x60, 0x0, 0x0, 0x0, 0x0, 0xe4, 0x0,
    0x5, 0xde, 0x40, 0x0, 0x5d, 0xe4, 0x0, 0x5,
    0xde, 0x40, 0x0, 0x5d, 0xe4, 0x0, 0x5, 0xde,
    0x40, 0x0, 0x5d, 0xe4, 0x0, 0x5, 0xdc, 0x70,
    0x0, 0x8b, 0x5f, 0x73, 0x7f, 0x40, 0x6d, 0xfd,
    0x50,

    /* U+016F "ů" */
    0x7, 0xd8, 0x0, 0xd, 0xd, 0x0, 0x7, 0xd8,
    0x0, 0x0, 0x0, 0x0, 0xf2, 0x0, 0xf2, 0xf2,
    0x0, 0xf2, 0xf2, 0x0, 0xf2, 0xf2, 0x0, 0xf2,
    0xf2, 0x2, 0xf2, 0xd8, 0x1a, 0xf2, 0x4e, 0xe6,
    0xf2,

    /* U+0170 "Ű" */
    0x0, 0xa8, 0xa7, 0x0, 0xd, 0x2e, 0x20, 0x0,
    0x50, 0x50, 0xe, 0x40, 0x0, 0x5d, 0xe4, 0x0,
    0x5, 0xde, 0x40, 0x0, 0x5d, 0xe4, 0x0, 0x5,
    0xde, 0x40, 0x0, 0x5d, 0xe4, 0x0, 0x5, 0xde,
    0x40, 0x0, 0x5d, 0xc7, 0x0, 0x8, 0xb5, 0xf7,
    0x37, 0xf4, 0x6, 0xdf, 0xd5, 0x0,

    /* U+0171 "ű" */
    0x2, 0x42, 0x30, 0x9, 0x8a, 0x70, 0xc, 0x3d,
    0x20, 0x0, 0x0, 0x0, 0xf2, 0x0, 0xf2, 0xf2,
    0x0, 0xf2, 0xf2, 0x0, 0xf2, 0xf2, 0x0, 0xf2,
    0xf2, 0x2, 0xf2, 0xd8, 0x1a, 0xf2, 0x4e, 0xe6,
    0xf2,

    /* U+0172 "Ų" */
    0xe4, 0x0, 0x5, 0xde, 0x40, 0x0, 0x5d, 0xe4,
    0x0, 0x5, 0xde, 0x40, 0x0, 0x5d, 0xe4, 0x0,
    0x5, 0xde, 0x40, 0x0, 0x5d, 0xe4, 0x0, 0x5,
    0xdd, 0x50, 0x0, 0x6c, 0x9b, 0x0, 0xc, 0x82,
    0xed, 0xad, 0xe1, 0x2, 0x9e, 0x81, 0x0, 0x7,
    0x70, 0x0, 0x0, 0x4e, 0x60, 0x0,

    /* U+0173 "ų" */
    0xf2, 0x0, 0xf2, 0xf2, 0x0, 0xf2, 0xf2, 0x0,
    0xf2, 0xf2, 0x0, 0xf2, 0xf2, 0x2, 0xf2, 0xd8,
    0x1a, 0xf2, 0x4e, 0xe6, 0xf1, 0x0, 0x4, 0x90,
    0x0, 0x3, 0xd7,

    /* U+0174 "Ŵ" */
    0x0, 0x0, 0x6, 0x40, 0x0, 0x0, 0x0, 0x0,
    0x5a, 0xd2, 0x0, 0x0, 0x0, 0x0, 0x71, 0x34,
    0x0, 0x0, 0x9a, 0x0, 0xd, 0x80, 0x0, 0xe4,
    0x5d, 0x0, 0x1f, 0xc0, 0x2, 0xf0, 0x1f, 0x10,
    0x5e, 0xf0, 0x6, 0xc0, 0xe, 0x40, 0x99, 0xd4,
    0x9, 0x90, 0xa, 0x80, 0xc5, 0x98, 0xd, 0x50,
    0x6, 0xc0, 0xf1, 0x6c, 0x1f, 0x10, 0x2, 0xf4,
    0xd0, 0x2f, 0x5d, 0x0, 0x0, 0xeb, 0x90, 0xe,
    0xc9, 0x0, 0x0, 0xbf, 0x50, 0xa, 0xf6, 0x0,
    0x0, 0x7f, 0x20, 0x6, 0xf2, 0x0,

    /* U+0175 "ŵ" */
    0x0, 0x0, 0x9e, 0x10, 0x0, 0x0, 0x0, 0x5b,
    0x4b, 0x0, 0x0, 0x0, 0x0, 0x0, 0x0, 0x0,
    0x6, 0xb0, 0x7, 0xe0, 0x4, 0xd0, 0x2f, 0x0,
    0xcf, 0x30, 0x99, 0x0, 0xd4, 0x1f, 0xa7, 0xd,
    0x40, 0x8, 0x95, 0xb4, 0xc2, 0xf0, 0x0, 0x4d,
    0xa6, 0xf, 0x8b, 0x0, 0x0, 0xff, 0x20, 0xbf,
    0x60, 0x0, 0xa, 0xd0, 0x6, 0xf1, 0x0,

    /* U+0176 "Ŷ" */
    0x0, 0x5, 0x50, 0x0, 0x0, 0x3c, 0xc4, 0x0,
    0x0, 0x52, 0x16, 0x0, 0x7c, 0x0, 0x0, 0xd7,
    0xe, 0x40, 0x5, 0xe0, 0x8, 0xc0, 0xc, 0x70,
    0x1, 0xf3, 0x4f, 0x0, 0x0, 0x8b, 0xb8, 0x0,
    0x0, 0x1f, 0xf1, 0x0, 0x0, 0xa, 0xa0, 0x0,
    0x0, 0x9, 0x90, 0x0, 0x0, 0x9, 0x90, 0x0,
    0x0, 0x9, 0x90, 0x0,

    /* U+0177 "ŷ" */
    0x0, 0x6f, 0x40, 0x0, 0x2d, 0x2d, 0x10, 0x0,
    0x0, 0x0, 0x5, 0xd0, 0x0, 0xc6, 0xf, 0x20,
    0x1f, 0x10, 0xa7, 0x6, 0xb0, 0x5, 0xc0, 0xc6,
    0x0, 0xf, 0x3f, 0x10, 0x0, 0xbd, 0xb0, 0x0,
    0x5, 0xf6, 0x0, 0x0, 0x2f, 0x10, 0x0, 0x2b,
    0x80, 0x0, 0x8e, 0x90, 0x0, 0x0,

    /* U+0178 "Ÿ" */
    0x0, 0xa7, 0x6b, 0x0, 0x0, 0x53, 0x35, 0x0,
    0x7c, 0x0, 0x0, 0xd7, 0xe, 0x40, 0x5, 0xe0,
    0x8, 0xc0, 0xc, 0x70, 0x1, 0xf3, 0x4f, 0x0,
    0x0, 0x8b, 0xb8, 0x0, 0x0, 0x1f, 0xf1, 0x0,
    0x0, 0xa, 0xa0, 0x0, 0x0, 0x9, 0x90, 0x0,
    0x0, 0x9, 0x90, 0x0, 0x0, 0x9, 0x90, 0x0,

    /* U+0179 "Ź" */
    0x0, 0x0, 0xd5, 0x0, 0x0, 0x3, 0xd0, 0x0,
    0x0, 0x4, 0x30, 0x0, 0x3f, 0xff, 0xff, 0xf1,
    0x2, 0x22, 0x2a, 0xc0, 0x0, 0x0, 0x3f, 0x30,
    0x0, 0x0, 0xc8, 0x0, 0x0, 0x6, 0xe0, 0x0,
    0x0, 0x1f, 0x50, 0x0, 0x0, 0xab, 0x0, 0x0,
    0x4, 0xf1, 0x0, 0x0, 0xd, 0x81, 0x11, 0x10,
    0x3f, 0xff, 0xff, 0xf2,

    /* U+017A "ź" */
    0x0, 0xc, 0x50, 0x0, 0x4b, 0x0, 0x0, 0x0,
    0x0, 0x4f, 0xff, 0xfa, 0x0, 0x2, 0xf3, 0x0,
    0xd, 0x70, 0x0, 0x9b, 0x0, 0x4, 0xe1, 0x0,
    0x1e, 0x40, 0x0, 0x7f, 0xff, 0xfa,

    /* U+017B "Ż" */
    0x0, 0x5, 0x30, 0x0, 0x0, 0xb, 0x60, 0x0,
    0x0, 0x0, 0x0, 0x0, 0x3f, 0xff, 0xff, 0xf1,
    0x2, 0x22, 0x2a, 0xc0, 0x0, 0x0, 0x3f, 0x30,
    0x0, 0x0, 0xc8, 0x0, 0x0, 0x6, 0xe0, 0x0,
    0x0, 0x1f, 0x50, 0x0, 0x0, 0xab, 0x0, 0x0,
    0x4, 0xf1, 0x0, 0x0, 0xd, 0x81, 0x11, 0x10,
    0x3f, 0xff, 0xff, 0xf2,

    /* U+017C "ż" */
    0x0, 0x98, 0x0, 0x0, 0x44, 0x0, 0x0, 0x0,
    0x0, 0x4f, 0xff, 0xfa, 0x0, 0x2, 0xf3, 0x0,
    0xd, 0x70, 0x0, 0x9b, 0x0, 0x4, 0xe1, 0x0,
    0x1e, 0x40, 0x0, 0x7f, 0xff, 0xfa,

    /* U+017D "Ž" */
    0x0, 0x71, 0x34, 0x0, 0x0, 0x5a, 0xd2, 0x0,
    0x0, 0x6, 0x40, 0x0, 0x3f, 0xff, 0xff, 0xf1,
    0x2, 0x22, 0x2a, 0xc0, 0x0, 0x0, 0x3f, 0x30,
    0x0, 0x0, 0xc8, 0x0, 0x0, 0x6, 0xe0, 0x0,
    0x0, 0x1f, 0x50, 0x0, 0x0, 0xab, 0x0, 0x0,
    0x4, 0xf1, 0x0, 0x0, 0xd, 0x81, 0x11, 0x10,
    0x3f, 0xff, 0xff, 0xf2,

    /* U+017E "ž" */
    0xa, 0x67, 0x90, 0x1, 0xdd, 0x0, 0x0, 0x11,
    0x0, 0x4f, 0xff, 0xfa, 0x0, 0x2, 0xf3, 0x0,
    0xd, 0x70, 0x0, 0x9b, 0x0, 0x4, 0xe1, 0x0,
    0x1e, 0x40, 0x0, 0x7f, 0xff, 0xfa,

    /* U+01B0 "ư" */
    0x0, 0x0, 0x0, 0x62, 0x0, 0x0, 0x0, 0xc3,
    0x2f, 0x0, 0x3f, 0xa0, 0x2f, 0x0, 0x3f, 0x0,
    0x2f, 0x0, 0x3f, 0x0, 0x2f, 0x0, 0x3f, 0x0,
    0x2f, 0x0, 0x4f, 0x0, 0xf, 0x52, 0xcf, 0x0,
    0x6, 0xee, 0x7f, 0x0,

    /* U+1EA0 "Ạ" */
    0x0, 0x7, 0xf4, 0x0, 0x0, 0x0, 0xcf, 0x90,
    0x0, 0x0, 0x1f, 0x8e, 0x0, 0x0, 0x6, 0xe1,
    0xf3, 0x0, 0x0, 0xb9, 0xc, 0x80, 0x0, 0x1f,
    0x50, 0x7d, 0x0, 0x5, 0xf0, 0x3, 0xf3, 0x0,
    0xaf, 0xff, 0xff, 0x80, 0xf, 0x72, 0x22, 0x9d,
    0x4, 0xf0, 0x0, 0x2, 0xf2, 0x0, 0x0, 0x0,
    0x0, 0x0, 0x0, 0x19, 0x0, 0x0, 0x0, 0x3,
    0xe1, 0x0, 0x0,

    /* U+1EA1 "ạ" */
    0x1, 0xbf, 0xc6, 0xe0, 0xab, 0x13, 0xee, 0x1f,
    0x20, 0x7, 0xe2, 0xf0, 0x0, 0x4e, 0x1f, 0x10,
    0x6, 0xe0, 0xba, 0x1, 0xee, 0x1, 0xbf, 0xd7,
    0xe0, 0x0, 0x0, 0x0, 0x0, 0x6, 0x40, 0x0,
    0x0, 0xa8, 0x0,

    /* U+1EA2 "Ả" */
    0x0, 0x6, 0xc6, 0x0, 0x0, 0x0, 0x52, 0xb0,
    0x0, 0x0, 0x0, 0xc2, 0x0, 0x0, 0x0, 0x0,
    0x0, 0x0, 0x0, 0x7, 0xf4, 0x0, 0x0, 0x0,
    0xcf, 0x90, 0x0, 0x0, 0x1f, 0x8e, 0x0, 0x0,
    0x6, 0xe1, 0xf3, 0x0, 0x0, 0xb9, 0xc, 0x80,
    0x0, 0x1f, 0x50, 0x7d, 0x0, 0x5, 0xf0, 0x3,
    0xf3, 0x0, 0xaf, 0xff, 0xff, 0x80, 0xf, 0x72,
    0x22, 0x9d, 0x4, 0xf0, 0x0, 0x2, 0xf2,

    /* U+1EA3 "ả" */
    0x0, 0x1b, 0xb1, 0x0, 0x2, 0x39, 0x40, 0x0,
    0x5, 0xa0, 0x0, 0x0, 0x0, 0x0, 0x1, 0xbf,
    0xc6, 0xe0, 0xab, 0x13, 0xee, 0x1f, 0x20, 0x7,
    0xe2, 0xf0, 0x0, 0x4e, 0x1f, 0x10, 0x6, 0xe0,
    0xba, 0x1, 0xee, 0x1, 0xbf, 0xd7, 0xe0,

    /* U+1EA4 "Ấ" */
    0x0, 0x0, 0x0, 0x26, 0x0, 0x0, 0x0, 0x9,
    0x70, 0x0, 0x1, 0x71, 0xe0, 0x0, 0x0, 0xcb,
    0xa0, 0x0, 0x0, 0x25, 0x6, 0x10, 0x0, 0x0,
    0x7f, 0x40, 0x0, 0x0, 0xc, 0xf9, 0x0, 0x0,
    0x1, 0xf8, 0xe0, 0x0, 0x0, 0x6e, 0x1f, 0x30,
    0x0, 0xb, 0x90, 0xc8, 0x0, 0x1, 0xf5, 0x7,
    0xd0, 0x0, 0x5f, 0x0, 0x3f, 0x30, 0xa, 0xff,
    0xff, 0xf8, 0x0, 0xf7, 0x22, 0x29, 0xd0, 0x4f,
    0x0, 0x0, 0x2f, 0x20,

    /* U+1EA5 "ấ" */
    0x0, 0x0, 0x0, 0xe3, 0x0, 0x0, 0x6, 0xa0,
    0x0, 0xd, 0xc2, 0x10, 0x0, 0x96, 0x97, 0x0,
    0x0, 0x10, 0x1, 0x0, 0x1, 0xbf, 0xc6, 0xe0,
    0xa, 0xb1, 0x3e, 0xe0, 0x1f, 0x20, 0x7, 0xe0,
    0x2f, 0x0, 0x4, 0xe0, 0x1f, 0x10, 0x6, 0xe0,
    0xb, 0xa0, 0x1e, 0xe0, 0x1, 0xbf, 0xd7, 0xe0,

    /* U+1EA6 "Ầ" */
    0x0, 0x0, 0xe, 0x30, 0x0, 0x0, 0x0, 0x6a,
    0x0, 0x0, 0x5, 0xd3, 0x50, 0x0, 0x2, 0xc2,
    0xd1, 0x0, 0x0, 0x0, 0x0, 0x0, 0x0, 0x0,
    0x7f, 0x40, 0x0, 0x0, 0xc, 0xf9, 0x0, 0x0,
    0x1, 0xf8, 0xe0, 0x0, 0x0, 0x6e, 0x1f, 0x30,
    0x0, 0xb, 0x90, 0xc8, 0x0, 0x1, 0xf5, 0x7,
    0xd0, 0x0, 0x5f, 0x0, 0x3f, 0x30, 0xa, 0xff,
    0xff, 0xf8, 0x0, 0xf7, 0x22, 0x29, 0xd0, 0x4f,
    0x0, 0x0, 0x2f, 0x20,

    /* U+1EA7 "ầ" */
    0x0, 0x0, 0x6b, 0x0, 0x0, 0x0, 0xd3, 0x0,
    0xd, 0xc2, 0x10, 0xa, 0x68, 0x80, 0x0, 0x0,
    0x0, 0x0, 0x1b, 0xfc, 0x6e, 0xa, 0xb1, 0x3e,
    0xe1, 0xf2, 0x0, 0x7e, 0x2f, 0x0, 0x4, 0xe1,
    0xf1, 0x0, 0x6e, 0xb, 0xa0, 0x1e, 0xe0, 0x1b,
    0xfd, 0x7e,

    /* U+1EA8 "Ẩ" */
    0x0, 0x0, 0x8, 0xc4, 0x0, 0x0, 0x0, 0x46,
    0x80, 0x0, 0x2, 0x82, 0x90, 0x0, 0x1, 0xc5,
    0xc0, 0x0, 0x0, 0x1, 0x1, 0x0, 0x0, 0x0,
    0x7f, 0x40, 0x0, 0x0, 0xc, 0xf9, 0x0, 0x0,
    0x1, 0xf8, 0xe0, 0x0, 0x0, 0x6e, 0x1f, 0x30,
    0x0, 0xb, 0x90, 0xc8, 0x0, 0x1, 0xf5, 0x7,
    0xd0, 0x0, 0x5f, 0x0, 0x3f, 0x30, 0xa, 0xff,
    0xff, 0xf8, 0x0, 0xf7, 0x22, 0x29, 0xd0, 0x4f,
    0x0, 0x0, 0x2f, 0x20,

    /* U+1EA9 "ẩ" */
    0x0, 0x0, 0x3b, 0xb0, 0x0, 0x0, 0x13, 0xb0,
    0x0, 0xd, 0xc3, 0x0, 0x0, 0x96, 0x97, 0x0,
    0x0, 0x10, 0x1, 0x0, 0x1, 0xbf, 0xc6, 0xe0,
    0xa, 0xb1, 0x3e, 0xe0, 0x1f, 0x20, 0x7, 0xe0,
    0x2f, 0x0, 0x4, 0xe0, 0x1f, 0x10, 0x6, 0xe0,
    0xb, 0xa0, 0x1e, 0xe0, 0x1, 0xbf, 0xd7, 0xe0,

    /* U+1EAA "Ẫ" */
    0x0, 0x2d, 0x78, 0x30, 0x0, 0x6, 0x59, 0xd0,
    0x0, 0x0, 0x3, 0x91, 0x0, 0x0, 0x1, 0xc5,
    0xc0, 0x0, 0x0, 0x0, 0x1, 0x0, 0x0, 0x0,
    0x7f, 0x40, 0x0, 0x0, 0xc, 0xf9, 0x0, 0x0,
    0x1, 0xf8, 0xe0, 0x0, 0x0, 0x6e, 0x1f, 0x30,
    0x0, 0xb, 0x90, 0xc8, 0x0, 0x1, 0xf5, 0x7,
    0xd0, 0x0, 0x5f, 0x0, 0x3f, 0x30, 0xa, 0xff,
    0xff, 0xf8, 0x0, 0xf7, 0x22, 0x29, 0xd0, 0x4f,
    0x0, 0x0, 0x2f, 0x20,

    /* U+1EAB "ẫ" */
    0x0, 0x8c, 0x2b, 0x0, 0xc, 0x3d, 0x60, 0x0,
    0xd, 0xb0, 0x0, 0x9, 0x69, 0x70, 0x0, 0x10,
    0x1, 0x0, 0x1b, 0xfc, 0x6e, 0xa, 0xb1, 0x3e,
    0xe1, 0xf2, 0x0, 0x7e, 0x2f, 0x0, 0x4, 0xe1,
    0xf1, 0x0, 0x6e, 0xb, 0xa0, 0x1e, 0xe0, 0x1b,
    0xfd, 0x7e,

    /* U+1EAC "Ậ" */
    0x0, 0x1, 0x70, 0x0, 0x0, 0x0, 0xc9, 0xa0,
    0x0, 0x0, 0x25, 0x6, 0x10, 0x0, 0x0, 0x7f,
    0x40, 0x0, 0x0, 0xc, 0xf9, 0x0, 0x0, 0x1,
    0xf8, 0xe0, 0x0, 0x0, 0x6e, 0x1f, 0x30, 0x0,
    0xb, 0x90, 0xc8, 0x0, 0x1, 0xf5, 0x7, 0xd0,
    0x0, 0x5f, 0x0, 0x3f, 0x30, 0xa, 0xff, 0xff,
    0xf8, 0x0, 0xf7, 0x22, 0x29, 0xd0, 0x4f, 0x0,
    0x0, 0x2f, 0x20, 0x0, 0x0, 0x0, 0x0, 0x0,
    0x1, 0x90, 0x0, 0x0, 0x0, 0x3e, 0x10, 0x0,

    /* U+1EAD "ậ" */
    0x0, 0xd, 0xb0, 0x0, 0x9, 0x79, 0x60, 0x0,
    0x20, 0x2, 0x0, 0x1b, 0xfc, 0x6e, 0xa, 0xb1,
    0x3e, 0xe1, 0xf2, 0x0, 0x7e, 0x2f, 0x0, 0x4,
    0xe1, 0xf1, 0x0, 0x6e, 0xb, 0xa0, 0x1e, 0xe0,
    0x1b, 0xfd, 0x7e, 0x0, 0x0, 0x0, 0x0, 0x0,
    0x64, 0x0, 0x0, 0xa, 0x80, 0x0,

    /* U+1EAE "Ắ" */
    0x0, 0x0, 0x4c, 0x0, 0x0, 0x0, 0xc, 0x30,
    0x0, 0x0, 0x33, 0x4, 0x20, 0x0, 0x4, 0xa0,
    0xc1, 0x0, 0x0, 0x9, 0xd7, 0x0, 0x0, 0x0,
    0x7f, 0x40, 0x0, 0x0, 0xc, 0xf9, 0x0, 0x0,
    0x1, 0xf8, 0xe0, 0x0, 0x0, 0x6e, 0x1f, 0x30,
    0x0, 0xb, 0x90, 0xc8, 0x0, 0x1, 0xf5, 0x7,
    0xd0, 0x0, 0x5f, 0x0, 0x3f, 0x30, 0xa, 0xff,
    0xff, 0xf8, 0x0, 0xf7, 0x22, 0x29, 0xd0, 0x4f,
    0x0, 0x0, 0x2f, 0x20,

    /* U+1EAF "ắ" */
    0x0, 0x0, 0x54, 0x0, 0x0, 0xe, 0x20, 0x0,
    0x5, 0xa0, 0x0, 0xd, 0x13, 0xb0, 0x0, 0x4c,
    0xc2, 0x0, 0x0, 0x0, 0x0, 0x1, 0xbf, 0xc6,
    0xe0, 0xab, 0x13, 0xee, 0x1f, 0x20, 0x7, 0xe2,
    0xf0, 0x0, 0x4e, 0x1f, 0x10, 0x6, 0xe0, 0xba,
    0x1, 0xee, 0x1, 0xbf, 0xd7, 0xe0,

    /* U+1EB0 "Ằ" */
    0x0, 0x1e, 0x20, 0x0, 0x0, 0x0, 0x5a, 0x0,
    0x0, 0x0, 0x42, 0x4, 0x20, 0x0, 0x5, 0xa0,
    0xc1, 0x0, 0x0, 0x9, 0xd6, 0x0, 0x0, 0x0,
    0x7f, 0x40, 0x0, 0x0, 0xc, 0xf9, 0x0, 0x0,
    0x1, 0xf8, 0xe0, 0x0, 0x0, 0x6e, 0x1f, 0x30,
    0x0, 0xb, 0x90, 0xc8, 0x0, 0x1, 0xf5, 0x7,
    0xd0, 0x0, 0x5f, 0x0, 0x3f, 0x30, 0xa, 0xff,
    0xff, 0xf8, 0x0, 0xf7, 0x22, 0x29, 0xd0, 0x4f,
    0x0, 0x0, 0x2f, 0x20,

    /* U+1EB1 "ằ" */
    0x0, 0x54, 0x0, 0x0, 0x4, 0xd0, 0x0, 0x0,
    0xc, 0x30, 0x0, 0xd, 0x13, 0xb0, 0x0, 0x4c,
    0xc2, 0x0, 0x0, 0x0, 0x0, 0x1, 0xbf, 0xc6,
    0xe0, 0xab, 0x13, 0xee, 0x1f, 0x20, 0x7, 0xe2,
    0xf0, 0x0, 0x4e, 0x1f, 0x10, 0x6, 0xe0, 0xba,
    0x1, 0xee, 0x1, 0xbf, 0xd7, 0xe0,

    /* U+1EB2 "Ẳ" */
    0x0, 0x6, 0xc5, 0x0, 0x0, 0x0, 0x72, 0xb0,
    0x0, 0x0, 0x0, 0xb6, 0x0, 0x0, 0x1, 0x5,
    0x10, 0x0, 0x0, 0x69, 0xc, 0x20, 0x0, 0x0,
    0xad, 0x70, 0x0, 0x0, 0x7, 0xf4, 0x0, 0x0,
    0x0, 0xcf, 0x90, 0x0, 0x0, 0x1f, 0x8e, 0x0,
    0x0, 0x6, 0xe1, 0xf3, 0x0, 0x0, 0xb9, 0xc,
    0x80, 0x0, 0x1f, 0x50, 0x7d, 0x0, 0x5, 0xf0,
    0x3, 0xf3, 0x0, 0xaf, 0xff, 0xff, 0x80, 0xf,
    0x72, 0x22, 0x9d, 0x4, 0xf0, 0x0, 0x2, 0xf2,

    /* U+1EB3 "ẳ" */
    0x0, 0x1b, 0xb1, 0x0, 0x2, 0x3b, 0x20, 0x0,
    0x5, 0x50, 0x0, 0xd, 0x13, 0xb0, 0x0, 0x4c,
    0xc2, 0x0, 0x0, 0x0, 0x0, 0x1, 0xbf, 0xc6,
    0xe0, 0xab, 0x13, 0xee, 0x1f, 0x20, 0x7, 0xe2,
    0xf0, 0x0, 0x4e, 0x1f, 0x10, 0x6, 0xe0, 0xba,
    0x1, 0xee, 0x1, 0xbf, 0xd7, 0xe0,

    /* U+1EB4 "Ẵ" */
    0x0, 0x2d, 0x78, 0x30, 0x0, 0x6, 0x59, 0xd0,
    0x0, 0x0, 0x11, 0x2, 0x10, 0x0, 0x5, 0x90,
    0xc2, 0x0, 0x0, 0x9, 0xd7, 0x0, 0x0, 0x0,
    0x7f, 0x40, 0x0, 0x0, 0xc, 0xf9, 0x0, 0x0,
    0x1, 0xf8, 0xe0, 0x0, 0x0, 0x6e, 0x1f, 0x30,
    0x0, 0xb, 0x90, 0xc8, 0x0, 0x1, 0xf5, 0x7,
    0xd0, 0x0, 0x5f, 0x0, 0x3f, 0x30, 0xa, 0xff,
    0xff, 0xf8, 0x0, 0xf7, 0x22, 0x29, 0xd0, 0x4f,
    0x0, 0x0, 0x2f, 0x20,

    /* U+1EB5 "ẵ" */
    0x0, 0x8c, 0x2b, 0x0, 0xc, 0x3d, 0x60, 0x0,
    0xd1, 0x3b, 0x0, 0x4, 0xcc, 0x20, 0x0, 0x0,
    0x0, 0x0, 0x1b, 0xfc, 0x6e, 0xa, 0xb1, 0x3e,
    0xe1, 0xf2, 0x0, 0x7e, 0x2f, 0x0, 0x4, 0xe1,
    0xf1, 0x0, 0x6e, 0xb, 0xa0, 0x1e, 0xe0, 0x1b,
    0xfd, 0x7e,

    /* U+1EB6 "Ặ" */
    0x0, 0x33, 0x4, 0x20, 0x0, 0x4, 0xa0, 0xc1,
    0x0, 0x0, 0x9, 0xd7, 0x0, 0x0, 0x0, 0x7f,
    0x40, 0x0, 0x0, 0xc, 0xf9, 0x0, 0x0, 0x1,
    0xf8, 0xe0, 0x0, 0x0, 0x6e, 0x1f, 0x30, 0x0,
    0xb, 0x90, 0xc8, 0x0, 0x1, 0xf5, 0x7, 0xd0,
    0x0, 0x5f, 0x0, 0x3f, 0x30, 0xa, 0xff, 0xff,
    0xf8, 0x0, 0xf7, 0x22, 0x29, 0xd0, 0x4f, 0x0,
    0x0, 0x2f, 0x20, 0x0, 0x0, 0x0, 0x0, 0x0,
    0x1, 0x90, 0x0, 0x0, 0x0, 0x3e, 0x10, 0x0,

    /* U+1EB7 "ặ" */
    0x0, 0xd1, 0x3b, 0x0, 0x4, 0xcc, 0x30, 0x0,
    0x0, 0x0, 0x0, 0x1b, 0xfc, 0x6e, 0xa, 0xb1,
    0x3e, 0xe1, 0xf2, 0x0, 0x7e, 0x2f, 0x0, 0x4,
    0xe1, 0xf1, 0x0, 0x6e, 0xb, 0xa0, 0x1e, 0xe0,
    0x1b, 0xfd, 0x7e, 0x0, 0x0, 0x0, 0x0, 0x0,
    0x64, 0x0, 0x0, 0xa, 0x80, 0x0,

    /* U+1EB8 "Ẹ" */
    0xef, 0xff, 0xfb, 0xe5, 0x22, 0x21, 0xe4, 0x0,
    0x0, 0xe4, 0x0, 0x0, 0xe4, 0x0, 0x0, 0xef,
    0xff, 0xf2, 0xe5, 0x22, 0x20, 0xe4, 0x0, 0x0,
    0xe5, 0x11, 0x11, 0xef, 0xff, 0xfc, 0x0, 0x0,
    0x0, 0x0, 0x55, 0x0, 0x0, 0x99, 0x0,

    /* U+1EB9 "ẹ" */
    0x1, 0xbf, 0xd4, 0x0, 0xba, 0x15, 0xf1, 0x1f,
    0x10, 0xa, 0x62, 0xff, 0xff, 0xf7, 0x1f, 0x10,
    0x1, 0x0, 0xba, 0x13, 0xe3, 0x1, 0xaf, 0xd6,
    0x0, 0x0, 0x0, 0x0, 0x0, 0xd, 0x50, 0x0,
    0x0, 0x83, 0x0,

    /* U+1EBA "Ẻ" */
    0x0, 0xab, 0x10, 0x1, 0x48, 0x50, 0x0, 0x4a,
    0x0, 0x0, 0x0, 0x0, 0xef, 0xff, 0xfb, 0xe5,
    0x22, 0x21, 0xe4, 0x0, 0x0, 0xe4, 0x0, 0x0,
    0xe4, 0x0, 0x0, 0xef, 0xff, 0xf2, 0xe5, 0x22,
    0x20, 0xe4, 0x0, 0x0, 0xe5, 0x11, 0x11, 0xef,
    0xff, 0xfc,

    /* U+1EBB "ẻ" */
    0x0, 0x2b, 0xa0, 0x0, 0x3, 0x2c, 0x10, 0x0,
    0x8, 0x80, 0x0, 0x0, 0x10, 0x0, 0x1, 0xbf,
    0xd4, 0x0, 0xba, 0x15, 0xf1, 0x1f, 0x10, 0xa,
    0x62, 0xff, 0xff, 0xf7, 0x1f, 0x10, 0x1, 0x0,
    0xba, 0x13, 0xe3, 0x1, 0xaf, 0xd6, 0x0,

    /* U+1EBC "Ẽ" */
    0x7, 0xd2, 0xb0, 0xb, 0x2d, 0x80, 0x0, 0x0,
    0x0, 0xef, 0xff, 0xfb, 0xe5, 0x22, 0x21, 0xe4,
    0x0, 0x0, 0xe4, 0x0, 0x0, 0xe4, 0x0, 0x0,
    0xef, 0xff, 0xf2, 0xe5, 0x22, 0x20, 0xe4, 0x0,
    0x0, 0xe5, 0x11, 0x11, 0xef, 0xff, 0xfc,

    /* U+1EBD "ẽ" */
    0x0, 0xbb, 0x49, 0x0, 0x1a, 0x4e, 0x40, 0x0,
    0x0, 0x0, 0x0, 0x1b, 0xfd, 0x40, 0xb, 0xa1,
    0x5f, 0x11, 0xf1, 0x0, 0xa6, 0x2f, 0xff, 0xff,
    0x71, 0xf1, 0x0, 0x10, 0xb, 0xa1, 0x3e, 0x30,
    0x1a, 0xfd, 0x60,

    /* U+1EBE "Ế" */
    0x0, 0x0, 0x5, 0x30, 0x0, 0x1, 0xe1, 0x0,
    0x55, 0x69, 0x0, 0x3d, 0xd4, 0x0, 0x5, 0x22,
    0x60, 0xe, 0xff, 0xff, 0xb0, 0xe5, 0x22, 0x21,
    0xe, 0x40, 0x0, 0x0, 0xe4, 0x0, 0x0, 0xe,
    0x40, 0x0, 0x0, 0xef, 0xff, 0xf2, 0xe, 0x52,
    0x22, 0x0, 0xe4, 0x0, 0x0, 0xe, 0x51, 0x11,
    0x10, 0xef, 0xff, 0xfc, 0x0,

    /* U+1EBF "ế" */
    0x0, 0x0, 0x1, 0xe1, 0x0, 0x0, 0x9, 0x70,
    0x0, 0x2e, 0x93, 0x0, 0x0, 0xc4, 0xb4, 0x0,
    0x0, 0x10, 0x0, 0x0, 0x1, 0xbf, 0xd4, 0x0,
    0xb, 0xa1, 0x5f, 0x10, 0x1f, 0x10, 0xa, 0x60,
    0x2f, 0xff, 0xff, 0x70, 0x1f, 0x10, 0x1, 0x0,
    0xb, 0xa1, 0x3e, 0x30, 0x1, 0xaf, 0xd6, 0x0,

    /* U+1EC0 "Ề" */
    0x0, 0x5, 0xd0, 0x0, 0x0, 0xc4, 0x0, 0xab,
    0x23, 0x8, 0x77, 0x90, 0x0, 0x0, 0x0, 0xef,
    0xff, 0xfb, 0xe5, 0x22, 0x21, 0xe4, 0x0, 0x0,
    0xe4, 0x0, 0x0, 0xe4, 0x0, 0x0, 0xef, 0xff,
    0xf2, 0xe5, 0x22, 0x20, 0xe4, 0x0, 0x0, 0xe5,
    0x11, 0x11, 0xef, 0xff, 0xfc,

    /* U+1EC1 "ề" */
    0x0, 0x0, 0x98, 0x0, 0x0, 0x1, 0xe1, 0x0,
    0x2e, 0x92, 0x10, 0xc, 0x3b, 0x50, 0x0, 0x0,
    0x0, 0x0, 0x1b, 0xfd, 0x40, 0xb, 0xa1, 0x5f,
    0x11, 0xf1, 0x0, 0xa6, 0x2f, 0xff, 0xff, 0x71,
    0xf1, 0x0, 0x10, 0xb, 0xa1, 0x3e, 0x30, 0x1a,
    0xfd, 0x60,

    /* U+1EC2 "Ể" */
    0x0, 0x1, 0xbb, 0x0, 0x0, 0x22, 0xb2, 0x0,
    0x66, 0x55, 0x0, 0x5a, 0x96, 0x0, 0x1, 0x0,
    0x10, 0xe, 0xff, 0xff, 0xb0, 0xe5, 0x22, 0x21,
    0xe, 0x40, 0x0, 0x0, 0xe4, 0x0, 0x0, 0xe,
    0x40, 0x0, 0x0, 0xef, 0xff, 0xf2, 0xe, 0x52,
    0x22, 0x0, 0xe4, 0x0, 0x0, 0xe, 0x51, 0x11,
    0x10, 0xef, 0xff, 0xfc, 0x0,

    /* U+1EC3 "ể" */
    0x0, 0x0, 0x4c, 0x70, 0x0, 0x5, 0x1d, 0x0,
    0x0, 0x9, 0x70, 0x2, 0xe9, 0x40, 0x0, 0xc4,
    0xb4, 0x0, 0x1, 0x0, 0x0, 0x1, 0xbf, 0xd4,
    0x0, 0xba, 0x15, 0xf1, 0x1f, 0x10, 0xa, 0x62,
    0xff, 0xff, 0xf7, 0x1f, 0x10, 0x1, 0x0, 0xba,
    0x13, 0xe3, 0x1, 0xaf, 0xd6, 0x0,

    /* U+1EC4 "Ễ" */
    0x7, 0xd2, 0xb0, 0xb, 0x2d, 0x80, 0x0, 0x66,
    0x0, 0x6, 0xa9, 0x60, 0x1, 0x0, 0x10, 0xef,
    0xff, 0xfb, 0xe5, 0x22, 0x21, 0xe4, 0x0, 0x0,
    0xe4, 0x0, 0x0, 0xe4, 0x0, 0x0, 0xef, 0xff,
    0xf2, 0xe5, 0x22, 0x20, 0xe4, 0x0, 0x0, 0xe5,
    0x11, 0x11, 0xef, 0xff, 0xfc,

    /* U+1EC5 "ễ" */
    0x0, 0xbb, 0x48, 0x0, 0x1a, 0x5e, 0x40, 0x0,
    0x2e, 0x90, 0x0, 0xc, 0x4c, 0x40, 0x0, 0x10,
    0x0, 0x0, 0x1b, 0xfd, 0x40, 0xb, 0xa1, 0x5f,
    0x11, 0xf1, 0x0, 0xa6, 0x2f, 0xff, 0xff, 0x71,
    0xf1, 0x0, 0x10, 0xb, 0xa1, 0x3e, 0x30, 0x1a,
    0xfd, 0x60,

    /* U+1EC6 "Ệ" */
    0x0, 0x55, 0x0, 0x3, 0xcc, 0x40, 0x5, 0x21,
    0x60, 0xef, 0xff, 0xfb, 0xe5, 0x22, 0x21, 0xe4,
    0x0, 0x0, 0xe4, 0x0, 0x0, 0xe4, 0x0, 0x0,
    0xef, 0xff, 0xf2, 0xe5, 0x22, 0x20, 0xe4, 0x0,
    0x0, 0xe5, 0x11, 0x11, 0xef, 0xff, 0xfc, 0x0,
    0x0, 0x0, 0x0, 0x55, 0x0, 0x0, 0x99, 0x0,

    /* U+1EC7 "ệ" */
    0x0, 0x1e, 0x90, 0x0, 0xb, 0x4c, 0x40, 0x0,
    0x20, 0x1, 0x0, 0x1b, 0xfd, 0x40, 0xb, 0xa1,
    0x5f, 0x11, 0xf1, 0x0, 0xa6, 0x2f, 0xff, 0xff,
    0x71, 0xf1, 0x0, 0x10, 0xb, 0xa1, 0x3e, 0x30,
    0x1a, 0xfd, 0x60, 0x0, 0x0, 0x0, 0x0, 0x0,
    0xd5, 0x0, 0x0, 0x8, 0x30, 0x0,

    /* U+1EC8 "Ỉ" */
    0x3c, 0x90, 0x32, 0xd0, 0xa, 0x50, 0x0, 0x0,
    0xe, 0x40, 0xe, 0x40, 0xe, 0x40, 0xe, 0x40,
    0xe, 0x40, 0xe, 0x40, 0xe, 0x40, 0xe, 0x40,
    0xe, 0x40, 0xe, 0x40,

    /* U+1EC9 "ỉ" */
    0x3c, 0x90, 0x41, 0xd0, 0xa, 0x50, 0x0, 0x0,
    0xe, 0x30, 0xe, 0x30, 0xe, 0x30, 0xe, 0x30,
    0xe, 0x30, 0xe, 0x30, 0xe, 0x30,

    /* U+1ECA "Ị" */
    0xe, 0x40, 0xe4, 0xe, 0x40, 0xe4, 0xe, 0x40,
    0xe4, 0xe, 0x40, 0xe4, 0xe, 0x40, 0xe4, 0x0,
    0x0, 0x82, 0xd, 0x40,

    /* U+1ECB "ị" */
    0xd, 0x30, 0x71, 0x0, 0x0, 0xe3, 0xe, 0x30,
    0xe3, 0xe, 0x30, 0xe3, 0xe, 0x30, 0xe3, 0x0,
    0x0, 0x82, 0xd, 0x40,

    /* U+1ECC "Ọ" */
    0x0, 0x2b, 0xff, 0xa2, 0x0, 0x2, 0xfa, 0x34,
    0xbe, 0x20, 0xb, 0xa0, 0x0, 0xb, 0xa0, 0x2f,
    0x20, 0x0, 0x3, 0xf0, 0x4e, 0x0, 0x0, 0x0,
    0xf3, 0x4e, 0x0, 0x0, 0x0, 0xf3, 0x2f, 0x20,
    0x0, 0x3, 0xf0, 0xb, 0x90, 0x0, 0xb, 0xb0,
    0x3, 0xfa, 0x33, 0xbe, 0x20, 0x0, 0x3b, 0xff,
    0xb2, 0x0, 0x0, 0x0, 0x0, 0x0, 0x0, 0x0,
    0x0, 0xa8, 0x0, 0x0, 0x0, 0x0, 0x65, 0x0,
    0x0,

    /* U+1ECD "ọ" */
    0x0, 0xaf, 0xe8, 0x0, 0xa, 0xc2, 0x3e, 0x70,
    0x1f, 0x20, 0x5, 0xe0, 0x3f, 0x0, 0x2, 0xf0,
    0x1f, 0x20, 0x5, 0xe0, 0xa, 0xc2, 0x3e, 0x70,
    0x0, 0xaf, 0xe8, 0x0, 0x0, 0x0, 0x0, 0x0,
    0x0, 0xa, 0x70, 0x0, 0x0, 0x6, 0x40, 0x0,

    /* U+1ECE "Ỏ" */
    0x0, 0x0, 0xbb, 0x10, 0x0, 0x0, 0x1, 0x39,
    0x40, 0x0, 0x0, 0x0, 0x5a, 0x0, 0x0, 0x0,
    0x0, 0x0, 0x0, 0x0, 0x0, 0x2b, 0xff, 0xa2,
    0x0, 0x2, 0xfa, 0x34, 0xbe, 0x20, 0xb, 0xa0,
    0x0, 0xb, 0xa0, 0x2f, 0x20, 0x0, 0x3, 0xf0,
    0x4e, 0x0, 0x0, 0x0, 0xf3, 0x4e, 0x0, 0x0,
    0x0, 0xf3, 0x2f, 0x20, 0x0, 0x3, 0xf0, 0xb,
    0x90, 0x0, 0xb, 0xb0, 0x3, 0xfa, 0x33, 0xbe,
    0x20, 0x0, 0x3b, 0xff, 0xb2, 0x0,

    /* U+1ECF "ỏ" */
    0x0, 0x1b, 0xb0, 0x0, 0x0, 0x23, 0xa3, 0x0,
    0x0, 0x5, 0xa0, 0x0, 0x0, 0x0, 0x0, 0x0,
    0x0, 0xaf, 0xe8, 0x0, 0xa, 0xc2, 0x3e, 0x70,
    0x1f, 0x20, 0x5, 0xe0, 0x3f, 0x0, 0x2, 0xf0,
    0x1f, 0x20, 0x5, 0xe0, 0xa, 0xc2, 0x3e, 0x70,
    0x0, 0xaf, 0xe8, 0x0,

    /* U+1ED0 "Ố" */
    0x0, 0x0, 0x0, 0xd, 0x40, 0x0, 0x0, 0x0,
    0x4c, 0x0, 0x0, 0x0, 0x65, 0x43, 0x0, 0x0,
    0x7, 0x78, 0x60, 0x0, 0x0, 0x0, 0x0, 0x0,
    0x0, 0x0, 0x2b, 0xff, 0xa2, 0x0, 0x2, 0xfa,
    0x34, 0xbe, 0x20, 0xb, 0xa0, 0x0, 0xb, 0xa0,
    0x2f, 0x20, 0x0, 0x3, 0xf0, 0x4e, 0x0, 0x0,
    0x0, 0xf3, 0x4e, 0x0, 0x0, 0x0, 0xf3, 0x2f,
    0x20, 0x0, 0x3, 0xf0, 0xb, 0x90, 0x0, 0xb,
    0xb0, 0x3, 0xfa, 0x33, 0xbe, 0x20, 0x0, 0x3b,
    0xff, 0xb2, 0x0,

    /* U+1ED1 "ố" */
    0x0, 0x0, 0x0, 0xe2, 0x0, 0x0, 0x6, 0xa0,
    0x0, 0xd, 0xb3, 0x10, 0x0, 0xa6, 0x97, 0x0,
    0x0, 0x0, 0x0, 0x0, 0x0, 0xaf, 0xe8, 0x0,
    0xa, 0xc2, 0x3e, 0x70, 0x1f, 0x20, 0x5, 0xe0,
    0x3f, 0x0, 0x2, 0xf0, 0x1f, 0x20, 0x5, 0xe0,
    0xa, 0xc2, 0x3e, 0x70, 0x0, 0xaf, 0xe8, 0x0,

    /* U+1ED2 "Ồ" */
    0x0, 0x0, 0x6, 0xc0, 0x0, 0x0, 0x0, 0x0,
    0xd3, 0x0, 0x0, 0x0, 0xbb, 0x22, 0x0, 0x0,
    0x9, 0x68, 0x80, 0x0, 0x0, 0x0, 0x0, 0x0,
    0x0, 0x0, 0x2b, 0xff, 0xa2, 0x0, 0x2, 0xfa,
    0x34, 0xbe, 0x20, 0xb, 0xa0, 0x0, 0xb, 0xa0,
    0x2f, 0x20, 0x0, 0x3, 0xf0, 0x4e, 0x0, 0x0,
    0x0, 0xf3, 0x4e, 0x0, 0x0, 0x0, 0xf3, 0x2f,
    0x20, 0x0, 0x3, 0xf0, 0xb, 0x90, 0x0, 0xb,
    0xb0, 0x3, 0xfa, 0x33, 0xbe, 0x20, 0x0, 0x3b,
    0xff, 0xb2, 0x0,

    /* U+1ED3 "ồ" */
    0x0, 0x0, 0x6b, 0x0, 0x0, 0x0, 0xd, 0x20,
    0x0, 0x1d, 0xb2, 0x10, 0x0, 0xa5, 0x87, 0x0,
    0x0, 0x0, 0x0, 0x0, 0x0, 0xaf, 0xe8, 0x0,
    0xa, 0xc2, 0x3e, 0x70, 0x1f, 0x20, 0x5, 0xe0,
    0x3f, 0x0, 0x2, 0xf0, 0x1f, 0x20, 0x5, 0xe0,
    0xa, 0xc2, 0x3e, 0x70, 0x0, 0xaf, 0xe8, 0x0,

    /* U+1ED4 "Ổ" */
    0x0, 0x0, 0x2, 0xba, 0x0, 0x0, 0x0, 0x2,
    0x2c, 0x10, 0x0, 0x0, 0x66, 0x64, 0x0, 0x0,
    0x7, 0x9a, 0x50, 0x0, 0x0, 0x1, 0x0, 0x10,
    0x0, 0x0, 0x2b, 0xff, 0xa2, 0x0, 0x2, 0xfa,
    0x34, 0xbe, 0x20, 0xb, 0xa0, 0x0, 0xb, 0xa0,
    0x2f, 0x20, 0x0, 0x3, 0xf0, 0x4e, 0x0, 0x0,
    0x0, 0xf3, 0x4e, 0x0, 0x0, 0x0, 0xf3, 0x2f,
    0x20, 0x0, 0x3, 0xf0, 0xb, 0x90, 0x0, 0xb,
    0xb0, 0x3, 0xfa, 0x33, 0xbe, 0x20, 0x0, 0x3b,
    0xff, 0xb2, 0x0,

    /* U+1ED5 "ổ" */
    0x0, 0x0, 0x2b, 0x90, 0x0, 0x0, 0x42, 0xc1,
    0x0, 0x0, 0x7, 0xa0, 0x0, 0xd, 0xb3, 0x0,
    0x0, 0xa6, 0x97, 0x0, 0x0, 0x0, 0x0, 0x0,
    0x0, 0xaf, 0xe8, 0x0, 0xa, 0xc2, 0x3e, 0x70,
    0x1f, 0x20, 0x5, 0xe0, 0x3f, 0x0, 0x2, 0xf0,
    0x1f, 0x20, 0x5, 0xe0, 0xa, 0xc2, 0x3e, 0x70,
    0x0, 0xaf, 0xe8, 0x0,

    /* U+1ED6 "Ỗ" */
    0x0, 0x8, 0xc2, 0xb0, 0x0, 0x0, 0xb, 0x2d,
    0x70, 0x0, 0x0, 0x0, 0x76, 0x0, 0x0, 0x0,
    0x7, 0x8a, 0x50, 0x0, 0x0, 0x1, 0x0, 0x10,
    0x0, 0x0, 0x2b, 0xff, 0xa2, 0x0, 0x2, 0xfa,
    0x34, 0xbe, 0x20, 0xb, 0xa0, 0x0, 0xb, 0xa0,
    0x2f, 0x20, 0x0, 0x3, 0xf0, 0x4e, 0x0, 0x0,
    0x0, 0xf3, 0x4e, 0x0, 0x0, 0x0, 0xf3, 0x2f,
    0x20, 0x0, 0x3, 0xf0, 0xb, 0x90, 0x0, 0xb,
    0xb0, 0x3, 0xfa, 0x33, 0xbe, 0x20, 0x0, 0x3b,
    0xff, 0xb2, 0x0,

    /* U+1ED7 "ỗ" */
    0x0, 0x9c, 0x2a, 0x0, 0x0, 0xb3, 0xd6, 0x0,
    0x0, 0x1d, 0xb0, 0x0, 0x0, 0xa6, 0x96, 0x0,
    0x0, 0x0, 0x0, 0x0, 0x0, 0xaf, 0xe8, 0x0,
    0xa, 0xc2, 0x3e, 0x70, 0x1f, 0x20, 0x5, 0xe0,
    0x3f, 0x0, 0x2, 0xf0, 0x1f, 0x20, 0x5, 0xe0,
    0xa, 0xc2, 0x3e, 0x70, 0x0, 0xaf, 0xe8, 0x0,

    /* U+1ED8 "Ộ" */
    0x0, 0x0, 0x65, 0x0, 0x0, 0x0, 0x7, 0x89,
    0x60, 0x0, 0x0, 0x0, 0x0, 0x0, 0x0, 0x0,
    0x2b, 0xff, 0xa2, 0x0, 0x2, 0xfa, 0x34, 0xbe,
    0x20, 0xb, 0xa0, 0x0, 0xb, 0xa0, 0x2f, 0x20,
    0x0, 0x3, 0xf0, 0x4e, 0x0, 0x0, 0x0, 0xf3,
    0x4e, 0x0, 0x0, 0x0, 0xf3, 0x2f, 0x20, 0x0,
    0x3, 0xf0, 0xb, 0x90, 0x0, 0xb, 0xb0, 0x3,
    0xfa, 0x33, 0xbe, 0x20, 0x0, 0x3b, 0xff, 0xb2,
    0x0, 0x0, 0x0, 0x0, 0x0, 0x0, 0x0, 0x0,
    0xa8, 0x0, 0x0, 0x0, 0x0, 0x65, 0x0, 0x0,

    /* U+1ED9 "ộ" */
    0x0, 0xd, 0xb0, 0x0, 0x0, 0x96, 0x96, 0x0,
    0x0, 0x20, 0x1, 0x0, 0x0, 0xaf, 0xe8, 0x0,
    0xa, 0xc2, 0x3e, 0x70, 0x1f, 0x20, 0x5, 0xe0,
    0x3f, 0x0, 0x2, 0xf0, 0x1f, 0x20, 0x5, 0xe0,
    0xa, 0xc2, 0x3e, 0x70, 0x0, 0xaf, 0xe8, 0x0,
    0x0, 0x0, 0x0, 0x0, 0x0, 0xa, 0x70, 0x0,
    0x0, 0x6, 0x40, 0x0,

    /* U+1EDA "Ớ" */
    0x0, 0x0, 0xb, 0x60, 0x0, 0x0, 0x0, 0x3d,
    0x1, 0x10, 0x0, 0x0, 0x11, 0x8, 0x90, 0x0,
    0x2b, 0xff, 0xff, 0x50, 0x2, 0xfa, 0x34, 0xbd,
    0x10, 0xb, 0xa0, 0x0, 0xb, 0xa0, 0x2f, 0x20,
    0x0, 0x3, 0xf0, 0x4e, 0x0, 0x0, 0x0, 0xf3,
    0x4e, 0x0, 0x0, 0x0, 0xf3, 0x2f, 0x20, 0x0,
    0x3, 0xf0, 0xb, 0x90, 0x0, 0xb, 0xb0, 0x3,
    0xfa, 0x33, 0xbe, 0x20, 0x0, 0x3b, 0xff, 0xb2,
    0x0,

    /* U+1EDB "ớ" */
    0x0, 0x0, 0x54, 0x0, 0x0, 0x0, 0xe2, 0x0,
    0x0, 0x4, 0xb0, 0x10, 0x0, 0x2, 0x10, 0xf0,
    0x0, 0xaf, 0xff, 0xb0, 0xa, 0xc2, 0x3e, 0x40,
    0x1f, 0x20, 0x5, 0xd0, 0x3f, 0x0, 0x2, 0xf0,
    0x1f, 0x20, 0x5, 0xe0, 0xa, 0xc2, 0x3e, 0x80,
    0x0, 0xaf, 0xe8, 0x0,

    /* U+1EDC "Ờ" */
    0x0, 0x6, 0xb0, 0x0, 0x0, 0x0, 0x0, 0xd2,
    0x1, 0x10, 0x0, 0x0, 0x11, 0x8, 0x90, 0x0,
    0x2b, 0xff, 0xff, 0x50, 0x2, 0xfa, 0x34, 0xbd,
    0x10, 0xb, 0xa0, 0x0, 0xb, 0xa0, 0x2f, 0x20,
    0x0, 0x3, 0xf0, 0x4e, 0x0, 0x0, 0x0, 0xf3,
    0x4e, 0x0, 0x0, 0x0, 0xf3, 0x2f, 0x20, 0x0,
    0x3, 0xf0, 0xb, 0x90, 0x0, 0xb, 0xb0, 0x3,
    0xfa, 0x33, 0xbe, 0x20, 0x0, 0x3b, 0xff, 0xb2,
    0x0,

    /* U+1EDD "ờ" */
    0x0, 0x54, 0x0, 0x0, 0x0, 0x4c, 0x0, 0x0,
    0x0, 0xd, 0x20, 0x10, 0x0, 0x2, 0x10, 0xf0,
    0x0, 0xaf, 0xff, 0xb0, 0xa, 0xc2, 0x3e, 0x40,
    0x1f, 0x20, 0x5, 0xd0, 0x3f, 0x0, 0x2, 0xf0,
    0x1f, 0x20, 0x5, 0xe0, 0xa, 0xc2, 0x3e, 0x80,
    0x0, 0xaf, 0xe8, 0x0,

    /* U+1EDE "Ở" */
    0x0, 0x0, 0xab, 0x10, 0x0, 0x0, 0x2, 0x49,
    0x40, 0x0, 0x0, 0x0, 0x4c, 0x1, 0x10, 0x0,
    0x0, 0x11, 0x8, 0x90, 0x0, 0x2b, 0xff, 0xff,
    0x50, 0x2, 0xfa, 0x34, 0xbd, 0x10, 0xb, 0xa0,
    0x0, 0xb, 0xa0, 0x2f, 0x20, 0x0, 0x3, 0xf0,
    0x4e, 0x0, 0x0, 0x0, 0xf3, 0x4e, 0x0, 0x0,
    0x0, 0xf3, 0x2f, 0x20, 0x0, 0x3, 0xf0, 0xb,
    0x90, 0x0, 0xb, 0xb0, 0x3, 0xfa, 0x33, 0xbe,
    0x20, 0x0, 0x3b, 0xff, 0xb2, 0x0,

    /* U+1EDF "ở" */
    0x0, 0xb, 0xb0, 0x0, 0x0, 0x24, 0x93, 0x0,
    0x0, 0x4, 0xb0, 0x10, 0x0, 0x2, 0x10, 0xf0,
    0x0, 0xaf, 0xff, 0xb0, 0xa, 0xc2, 0x3e, 0x40,
    0x1f, 0x20, 0x5, 0xd0, 0x3f, 0x0, 0x2, 0xf0,
    0x1f, 0x20, 0x5, 0xe0, 0xa, 0xc2, 0x3e, 0x80,
    0x0, 0xaf, 0xe8, 0x0,

    /* U+1EE0 "Ỡ" */
    0x0, 0x8, 0xd2, 0xb0, 0x0, 0x0, 0xb, 0x2d,
    0x71, 0x10, 0x0, 0x0, 0x0, 0x8, 0x90, 0x0,
    0x2b, 0xff, 0xff, 0x50, 0x2, 0xfa, 0x34, 0xbd,
    0x10, 0xb, 0xa0, 0x0, 0xb, 0xa0, 0x2f, 0x20,
    0x0, 0x3, 0xf0, 0x4e, 0x0, 0x0, 0x0, 0xf3,
    0x4e, 0x0, 0x0, 0x0, 0xf3, 0x2f, 0x20, 0x0,
    0x3, 0xf0, 0xb, 0x90, 0x0, 0xb, 0xb0, 0x3,
    0xfa, 0x33, 0xbe, 0x20, 0x0, 0x3b, 0xff, 0xb2,
    0x0,

    /* U+1EE1 "ỡ" */
    0x0, 0x9c, 0x2b, 0x0, 0x0, 0xa2, 0xd5, 0x10,
    0x0, 0x0, 0x0, 0xf0, 0x0, 0xaf, 0xff, 0xb0,
    0xa, 0xc2, 0x3e, 0x40, 0x1f, 0x20, 0x5, 0xd0,
    0x3f, 0x0, 0x2, 0xf0, 0x1f, 0x20, 0x5, 0xe0,
    0xa, 0xc2, 0x3e, 0x80, 0x0, 0xaf, 0xe8, 0x0,

    /* U+1EE2 "Ợ" */
    0x0, 0x0, 0x0, 0x1, 0x10, 0x0, 0x0, 0x0,
    0x8, 0x90, 0x0, 0x2b, 0xff, 0xff, 0x50, 0x2,
    0xfa, 0x34, 0xbd, 0x10, 0xb, 0xa0, 0x0, 0xb,
    0xa0, 0x2f, 0x20, 0x0, 0x3, 0xf0, 0x4e, 0x0,
    0x0, 0x0, 0xf3, 0x4e, 0x0, 0x0, 0x0, 0xf3,
    0x2f, 0x20, 0x0, 0x3, 0xf0, 0xb, 0x90, 0x0,
    0xb, 0xb0, 0x3, 0xfa, 0x33, 0xbe, 0x20, 0x0,
    0x3b, 0xff, 0xb2, 0x0, 0x0, 0x0, 0x0, 0x0,
    0x0, 0x0, 0x0, 0xa8, 0x0, 0x0, 0x0, 0x0,
    0x65, 0x0, 0x0,

    /* U+1EE3 "ợ" */
    0x0, 0x0, 0x0, 0x10, 0x0, 0x0, 0x0, 0xf0,
    0x0, 0xaf, 0xff, 0xb0, 0xa, 0xc2, 0x3e, 0x40,
    0x1f, 0x20, 0x5, 0xd0, 0x3f, 0x0, 0x2, 0xf0,
    0x1f, 0x20, 0x5, 0xe0, 0xa, 0xc2, 0x3e, 0x80,
    0x0, 0xaf, 0xe8, 0x0, 0x0, 0x0, 0x0, 0x0,
    0x0, 0xa, 0x70, 0x0, 0x0, 0x6, 0x40, 0x0,

    /* U+1EE4 "Ụ" */
    0xe4, 0x0, 0x5, 0xde, 0x40, 0x0, 0x5d, 0xe4,
    0x0, 0x5, 0xde, 0x40, 0x0, 0x5d, 0xe4, 0x0,
    0x5, 0xde, 0x40, 0x0, 0x5d, 0xe4, 0x0, 0x5,
    0xdc, 0x70, 0x0, 0x8b, 0x5f, 0x73, 0x7f, 0x40,
    0x6d, 0xfd, 0x50, 0x0, 0x0, 0x0, 0x0, 0x3,
    0xe1, 0x0, 0x0, 0x19, 0x0, 0x0,

    /* U+1EE5 "ụ" */
    0xf2, 0x0, 0xf2, 0xf2, 0x0, 0xf2, 0xf2, 0x0,
    0xf2, 0xf2, 0x0, 0xf2, 0xf2, 0x2, 0xf2, 0xd8,
    0x1a, 0xf2, 0x4e, 0xe6, 0xf2, 0x0, 0x0, 0x0,
    0x1, 0xe2, 0x0, 0x0, 0x91, 0x0,

    /* U+1EE6 "Ủ" */
    0x0, 0x6c, 0x60, 0x0, 0x5, 0x2b, 0x0, 0x0,
    0xc, 0x20, 0x0, 0x0, 0x0, 0x0, 0xe4, 0x0,
    0x5, 0xde, 0x40, 0x0, 0x5d, 0xe4, 0x0, 0x5,
    0xde, 0x40, 0x0, 0x5d, 0xe4, 0x0, 0x5, 0xde,
    0x40, 0x0, 0x5d, 0xe4, 0x0, 0x5, 0xdc, 0x70,
    0x0, 0x8b, 0x5f, 0x73, 0x7f, 0x40, 0x6d, 0xfd,
    0x50,

    /* U+1EE7 "ủ" */
    0x4, 0xc7, 0x0, 0x4, 0x1d, 0x0, 0x0, 0xb4,
    0x0, 0x0, 0x0, 0x0, 0xf2, 0x0, 0xf2, 0xf2,
    0x0, 0xf2, 0xf2, 0x0, 0xf2, 0xf2, 0x0, 0xf2,
    0xf2, 0x2, 0xf2, 0xd8, 0x1a, 0xf2, 0x4e, 0xe6,
    0xf2,

    /* U+1EE8 "Ứ" */
    0x0, 0x2, 0xe1, 0x0, 0x0, 0x0, 0xa6, 0x0,
    0x0, 0x0, 0x0, 0x0, 0xd, 0x4e, 0x40, 0x0,
    0x5f, 0xb0, 0xe4, 0x0, 0x5, 0xd0, 0xe, 0x40,
    0x0, 0x5d, 0x0, 0xe4, 0x0, 0x5, 0xd0, 0xe,
    0x40, 0x0, 0x5d, 0x0, 0xe4, 0x0, 0x5, 0xd0,
    0xe, 0x40, 0x0, 0x5d, 0x0, 0xc7, 0x0, 0x8,
    0xb0, 0x5, 0xf7, 0x37, 0xf4, 0x0, 0x6, 0xdf,
    0xd5, 0x0, 0x0,

    /* U+1EE9 "ứ" */
    0x0, 0x7, 0x0, 0x0, 0x6, 0xa0, 0x0, 0x0,
    0xd3, 0x4, 0x30, 0x0, 0x0, 0xa6, 0xf2, 0x0,
    0xfb, 0x1f, 0x20, 0xf, 0x20, 0xf2, 0x0, 0xf2,
    0xf, 0x20, 0xf, 0x20, 0xf2, 0x2, 0xf2, 0xd,
    0x81, 0xaf, 0x20, 0x4e, 0xe6, 0xf2, 0x0,

    /* U+1EEA "Ừ" */
    0x0, 0xc5, 0x0, 0x0, 0x0, 0x2, 0xd0, 0x0,
    0x0, 0x0, 0x0, 0x0, 0xd, 0x4e, 0x40, 0x0,
    0x5f, 0xb0, 0xe4, 0x0, 0x5, 0xd0, 0xe, 0x40,
    0x0, 0x5d, 0x0, 0xe4, 0x0, 0x5, 0xd0, 0xe,
    0x40, 0x0, 0x5d, 0x0, 0xe4, 0x0, 0x5, 0xd0,
    0xe, 0x40, 0x0, 0x5d, 0x0, 0xc7, 0x0, 0x8,
    0xb0, 0x5, 0xf7, 0x37, 0xf4, 0x0, 0x6, 0xdf,
    0xd5, 0x0, 0x0,

    /* U+1EEB "ừ" */
    0x7, 0x0, 0x0, 0x0, 0xb6, 0x0, 0x0, 0x3,
    0xc0, 0x4, 0x30, 0x0, 0x0, 0xa6, 0xf2, 0x0,
    0xfb, 0x1f, 0x20, 0xf, 0x20, 0xf2, 0x0, 0xf2,
    0xf, 0x20, 0xf, 0x20, 0xf2, 0x2, 0xf2, 0xd,
    0x81, 0xaf, 0x20, 0x4e, 0xe6, 0xf2, 0x0,

    /* U+1EEC "Ử" */
    0x0, 0x4c, 0x80, 0x0, 0x0, 0x4, 0x1d, 0x0,
    0x0, 0x0, 0xb, 0x40, 0x4, 0x10, 0x0, 0x0,
    0x0, 0xd4, 0xe4, 0x0, 0x5, 0xfb, 0xe, 0x40,
    0x0, 0x5d, 0x0, 0xe4, 0x0, 0x5, 0xd0, 0xe,
    0x40, 0x0, 0x5d, 0x0, 0xe4, 0x0, 0x5, 0xd0,
    0xe, 0x40, 0x0, 0x5d, 0x0, 0xe4, 0x0, 0x5,
    0xd0, 0xc, 0x70, 0x0, 0x8b, 0x0, 0x5f, 0x73,
    0x7f, 0x40, 0x0, 0x6d, 0xfd, 0x50, 0x0,

    /* U+1EED "ử" */
    0x5, 0xc6, 0x0, 0x0, 0x51, 0xc0, 0x0, 0x0,
    0xc3, 0x3, 0x20, 0x0, 0x0, 0xa6, 0xf2, 0x0,
    0xfb, 0x1f, 0x20, 0xf, 0x20, 0xf2, 0x0, 0xf2,
    0xf, 0x20, 0xf, 0x20, 0xf2, 0x2, 0xf2, 0xd,
    0x81, 0xaf, 0x20, 0x4e, 0xe6, 0xf2, 0x0,

    /* U+1EEE "Ữ" */
    0x0, 0xd9, 0x56, 0x0, 0x0, 0x38, 0x7e, 0x20,
    0x31, 0x0, 0x0, 0x0, 0xd, 0x4e, 0x40, 0x0,
    0x5f, 0xb0, 0xe4, 0x0, 0x5, 0xd0, 0xe, 0x40,
    0x0, 0x5d, 0x0, 0xe4, 0x0, 0x5, 0xd0, 0xe,
    0x40, 0x0, 0x5d, 0x0, 0xe4, 0x0, 0x5, 0xd0,
    0xe, 0x40, 0x0, 0x5d, 0x0, 0xc7, 0x0, 0x8,
    0xb0, 0x5, 0xf7, 0x37, 0xf4, 0x0, 0x6, 0xdf,
    0xd5, 0x0, 0x0,

    /* U+1EEF "ữ" */
    0x1e, 0x87, 0x40, 0x5, 0x68, 0xd0, 0x21, 0x0,
    0x0, 0x9, 0x6f, 0x20, 0xf, 0xc1, 0xf2, 0x0,
    0xf2, 0xf, 0x20, 0xf, 0x20, 0xf2, 0x0, 0xf2,
    0xf, 0x20, 0x2f, 0x20, 0xd8, 0x1a, 0xf2, 0x4,
    0xee, 0x6f, 0x20,

    /* U+1EF0 "Ự" */
    0x0, 0x0, 0x0, 0xd, 0x4e, 0x40, 0x0, 0x5f,
    0xb0, 0xe4, 0x0, 0x5, 0xd0, 0xe, 0x40, 0x0,
    0x5d, 0x0, 0xe4, 0x0, 0x5, 0xd0, 0xe, 0x40,
    0x0, 0x5d, 0x0, 0xe4, 0x0, 0x5, 0xd0, 0xe,
    0x40, 0x0, 0x5d, 0x0, 0xc7, 0x0, 0x8, 0xb0,
    0x5, 0xf7, 0x37, 0xf4, 0x0, 0x6, 0xdf, 0xd5,
    0x0, 0x0, 0x0, 0x0, 0x0, 0x0, 0x0, 0x1e,
    0x30, 0x0, 0x0, 0x0, 0x91, 0x0, 0x0,

    /* U+1EF1 "ự" */
    0x0, 0x0, 0x4, 0x30, 0x0, 0x0, 0xa6, 0xf2,
    0x0, 0xfb, 0x1f, 0x20, 0xf, 0x20, 0xf2, 0x0,
    0xf2, 0xf, 0x20, 0xf, 0x20, 0xf2, 0x2, 0xf2,
    0xd, 0x81, 0xaf, 0x20, 0x4e, 0xe6, 0xf2, 0x0,
    0x0, 0x0, 0x0, 0x2, 0xe1, 0x0, 0x0, 0x19,
    0x0, 0x0,

    /* U+1EF2 "Ỳ" */
    0x0, 0x6c, 0x0, 0x0, 0x0, 0xe, 0x20, 0x0,
    0x0, 0x4, 0x30, 0x0, 0x7c, 0x0, 0x0, 0xd7,
    0xe, 0x40, 0x5, 0xe0, 0x8, 0xc0, 0xc, 0x70,
    0x1, 0xf3, 0x4f, 0x0, 0x0, 0x8b, 0xb8, 0x0,
    0x0, 0x1f, 0xf1, 0x0, 0x0, 0xa, 0xa0, 0x0,
    0x0, 0x9, 0x90, 0x0, 0x0, 0x9, 0x90, 0x0,
    0x0, 0x9, 0x90, 0x0,

    /* U+1EF3 "ỳ" */
    0x1, 0xe2, 0x0, 0x0, 0x8, 0x80, 0x0, 0x0,
    0x16, 0x0, 0x5, 0xd0, 0x0, 0xc6, 0xf, 0x20,
    0x1f, 0x10, 0xa7, 0x6, 0xb0, 0x5, 0xc0, 0xc6,
    0x0, 0xf, 0x3f, 0x10, 0x0, 0xbd, 0xb0, 0x0,
    0x5, 0xf6, 0x0, 0x0, 0x2f, 0x10, 0x0, 0x2b,
    0x80, 0x0, 0x8e, 0x90, 0x0, 0x0,

    /* U+1EF4 "Ỵ" */
    0x7c, 0x0, 0x0, 0xd7, 0xe, 0x40, 0x5, 0xe0,
    0x8, 0xc0, 0xc, 0x70, 0x1, 0xf3, 0x4f, 0x0,
    0x0, 0x8b, 0xb8, 0x0, 0x0, 0x1f, 0xf1, 0x0,
    0x0, 0xa, 0xa0, 0x0, 0x0, 0x9, 0x90, 0x0,
    0x0, 0x9, 0x90, 0x0, 0x0, 0x9, 0x90, 0x0,
    0x0, 0x0, 0x0, 0x0, 0x0, 0x5, 0x50, 0x0,
    0x0, 0x8, 0x90, 0x0,

    /* U+1EF5 "ỵ" */
    0x5d, 0x0, 0xc, 0x60, 0xf2, 0x1, 0xf1, 0xb,
    0x70, 0x6b, 0x0, 0x6c, 0xb, 0x60, 0x1, 0xf2,
    0xf1, 0x0, 0xb, 0xbb, 0x0, 0x0, 0x6f, 0x60,
    0x0, 0x2, 0xf1, 0x0, 0x2, 0xa8, 0x0, 0x8,
    0xe9, 0x7, 0xb0, 0x0, 0x0, 0x47, 0x0,

    /* U+1EF6 "Ỷ" */
    0x0, 0xa, 0xc2, 0x0, 0x0, 0x3, 0xa3, 0x0,
    0x0, 0x2, 0x20, 0x0, 0x7c, 0x0, 0x0, 0xd7,
    0xe, 0x40, 0x5, 0xe0, 0x8, 0xc0, 0xc, 0x70,
    0x1, 0xf3, 0x4f, 0x0, 0x0, 0x8b, 0xb8, 0x0,
    0x0, 0x1f, 0xf1, 0x0, 0x0, 0xa, 0xa0, 0x0,
    0x0, 0x9, 0x90, 0x0, 0x0, 0x9, 0x90, 0x0,
    0x0, 0x9, 0x90, 0x0,

    /* U+1EF7 "ỷ" */
    0x0, 0x7c, 0x70, 0x0, 0x3, 0x68, 0x0, 0x0,
    0x4, 0x0, 0x5, 0xd0, 0x0, 0xc6, 0xf, 0x20,
    0x1f, 0x10, 0xa7, 0x6, 0xb0, 0x5, 0xc0, 0xc6,
    0x0, 0xf, 0x3f, 0x10, 0x0, 0xbd, 0xb0, 0x0,
    0x5, 0xf6, 0x0, 0x0, 0x2f, 0x10, 0x0, 0x2b,
    0x80, 0x0, 0x8e, 0x90, 0x0, 0x0,

    /* U+1EF8 "Ỹ" */
    0x0, 0x8e, 0xe9, 0x0, 0x0, 0x0, 0x0, 0x0,
    0x7c, 0x0, 0x0, 0xd7, 0xe, 0x40, 0x5, 0xe0,
    0x8, 0xc0, 0xc, 0x70, 0x1, 0xf3, 0x4f, 0x0,
    0x0, 0x8b, 0xb8, 0x0, 0x0, 0x1f, 0xf1, 0x0,
    0x0, 0xa, 0xa0, 0x0, 0x0, 0x9, 0x90, 0x0,
    0x0, 0x9, 0x90, 0x0, 0x0, 0x9, 0x90, 0x0,

    /* U+1EF9 "ỹ" */
    0x1, 0xe3, 0x74, 0x0, 0x56, 0xa9, 0x20, 0x6,
    0x45, 0xc0, 0x5, 0xd0, 0x0, 0xc6, 0xf, 0x20,
    0x1f, 0x10, 0xa7, 0x6, 0xb0, 0x5, 0xc0, 0xc6,
    0x0, 0xf, 0x3f, 0x10, 0x0, 0xbd, 0xb0, 0x0,
    0x5, 0xf6, 0x0, 0x0, 0x2f, 0x10, 0x0, 0x2b,
    0x80, 0x0, 0x8e, 0x90, 0x0, 0x0
};


/*---------------------
 *  GLYPH DESCRIPTION
 *--------------------*/

static const lv_font_fmt_txt_glyph_dsc_t glyph_dsc[] = {
    {.bitmap_index = 0, .adv_w = 0, .box_w = 0, .box_h = 0, .ofs_x = 0, .ofs_y = 0} /* id = 0 reserved */,
    {.bitmap_index = 0, .adv_w = 44, .box_w = 0, .box_h = 0, .ofs_x = 0, .ofs_y = 0},
    {.bitmap_index = 0, .adv_w = 54, .box_w = 3, .box_h = 10, .ofs_x = 0, .ofs_y = 0},
    {.bitmap_index = 15, .adv_w = 61, .box_w = 4, .box_h = 3, .ofs_x = 0, .ofs_y = 7},
    {.bitmap_index = 21, .adv_w = 155, .box_w = 10, .box_h = 10, .ofs_x = 0, .ofs_y = 0},
    {.bitmap_index = 71, .adv_w = 124, .box_w = 8, .box_h = 12, .ofs_x = 0, .ofs_y = -1},
    {.bitmap_index = 119, .adv_w = 163, .box_w = 10, .box_h = 10, .ofs_x = 0, .ofs_y = 0},
    {.bitmap_index = 169, .adv_w = 142, .box_w = 9, .box_h = 10, .ofs_x = 0, .ofs_y = 0},
    {.bitmap_index = 214, .adv_w = 34, .box_w = 2, .box_h = 3, .ofs_x = 0, .ofs_y = 7},
    {.bitmap_index = 217, .adv_w = 84, .box_w = 5, .box_h = 14, .ofs_x = 0, .ofs_y = -3},
    {.bitmap_index = 252, .adv_w = 84, .box_w = 5, .box_h = 14, .ofs_x = 0, .ofs_y = -3},
    {.bitmap_index = 287, .adv_w = 95, .box_w = 6, .box_h = 6, .ofs_x = 0, .ofs_y = 4},
    {.bitmap_index = 305, .adv_w = 117, .box_w = 5, .box_h = 5, .ofs_x = 1, .ofs_y = 2},
    {.bitmap_index = 318, .adv_w = 58, .box_w = 3, .box_h = 3, .ofs_x = 0, .ofs_y = -2},
    {.bitmap_index = 323, .adv_w = 117, .box_w = 5, .box_h = 2, .ofs_x = 1, .ofs_y = 3},
    {.bitmap_index = 328, .adv_w = 55, .box_w = 3, .box_h = 2, .ofs_x = 0, .ofs_y = 0},
    {.bitmap_index = 331, .adv_w = 97, .box_w = 6, .box_h = 13, .ofs_x = 0, .ofs_y = -2},
    {.bitmap_index = 370, .adv_w = 130, .box_w = 8, .box_h = 10, .ofs_x = 0, .ofs_y = 0},
    {.bitmap_index = 410, .adv_w = 74, .box_w = 4, .box_h = 10, .ofs_x = 0, .ofs_y = 0},
    {.bitmap_index = 430, .adv_w = 125, .box_w = 8, .box_h = 10, .ofs_x = 0, .ofs_y = 0},
    {.bitmap_index = 470, .adv_w = 127, .box_w = 7, .box_h = 10, .ofs_x = 0, .ofs_y = 0},
    {.bitmap_index = 505, .adv_w = 136, .box_w = 8, .box_h = 10, .ofs_x = 0, .ofs_y = 0},
    {.bitmap_index = 545, .adv_w = 127, .box_w = 8, .box_h = 10, .ofs_x = 0, .ofs_y = 0},
    {.bitmap_index = 585, .adv_w = 131, .box_w = 8, .box_h = 10, .ofs_x = 0, .ofs_y = 0},
    {.bitmap_index = 625, .adv_w = 114, .box_w = 7, .box_h = 10, .ofs_x = 0, .ofs_y = 0},
    {.bitmap_index = 660, .adv_w = 122, .box_w = 7, .box_h = 10, .ofs_x = 0, .ofs_y = 0},
    {.bitmap_index = 695, .adv_w = 131, .box_w = 8, .box_h = 10, .ofs_x = 0, .ofs_y = 0},
    {.bitmap_index = 735, .adv_w = 55, .box_w = 3, .box_h = 7, .ofs_x = 0, .ofs_y = 0},
    {.bitmap_index = 746, .adv_w = 58, .box_w = 3, .box_h = 9, .ofs_x = 0, .ofs_y = -2},
    {.bitmap_index = 760, .adv_w = 107, .box_w = 6, .box_h = 7, .ofs_x = 0, .ofs_y = 1},
    {.bitmap_index = 781, .adv_w = 139, .box_w = 7, .box_h = 5, .ofs_x = 1, .ofs_y = 1},
    {.bitmap_index = 799, .adv_w = 107, .box_w = 6, .box_h = 7, .ofs_x = 0, .ofs_y = 1},
    {.bitmap_index = 820, .adv_w = 110, .box_w = 7, .box_h = 10, .ofs_x = 0, .ofs_y = 0},
    {.bitmap_index = 855, .adv_w = 193, .box_w = 12, .box_h = 12, .ofs_x = 0, .ofs_y = -2},
    {.bitmap_index = 927, .adv_w = 141, .box_w = 9, .box_h = 10, .ofs_x = 0, .ofs_y = 0},
    {.bitmap_index = 972, .adv_w = 129, .box_w = 8, .box_h = 10, .ofs_x = 0, .ofs_y = 0},
    {.bitmap_index = 1012, .adv_w = 149, .box_w = 9, .box_h = 10, .ofs_x = 0, .ofs_y = 0},
    {.bitmap_index = 1057, .adv_w = 140, .box_w = 9, .box_h = 10, .ofs_x = 0, .ofs_y = 0},
    {.bitmap_index = 1102, .adv_w = 119, .box_w = 7, .box_h = 10, .ofs_x = 0, .ofs_y = 0},
    {.bitmap_index = 1137, .adv_w = 122, .box_w = 7, .box_h = 10, .ofs_x = 0, .ofs_y = 0},
    {.bitmap_index = 1172, .adv_w = 150, .box_w = 9, .box_h = 10, .ofs_x = 0, .ofs_y = 0},
    {.bitmap_index = 1217, .adv_w = 136, .box_w = 8, .box_h = 10, .ofs_x = 0, .ofs_y = 0},
    {.bitmap_index = 1257, .adv_w = 50, .box_w = 3, .box_h = 10, .ofs_x = 0, .ofs_y = 0},
    {.bitmap_index = 1272, .adv_w = 89, .box_w = 5, .box_h = 10, .ofs_x = 0, .ofs_y = 0},
    {.bitmap_index = 1297, .adv_w = 130, .box_w = 8, .box_h = 10, .ofs_x = 0, .ofs_y = 0},
    {.bitmap_index = 1337, .adv_w = 120, .box_w = 7, .box_h = 10, .ofs_x = 0, .ofs_y = 0},
    {.bitmap_index = 1372, .adv_w = 164, .box_w = 10, .box_h = 10, .ofs_x = 0, .ofs_y = 0},
    {.bitmap_index = 1422, .adv_w = 141, .box_w = 8, .box_h = 10, .ofs_x = 0, .ofs_y = 0},
    {.bitmap_index = 1462, .adv_w = 159, .box_w = 10, .box_h = 10, .ofs_x = 0, .ofs_y = 0},
    {.bitmap_index = 1512, .adv_w = 124, .box_w = 8, .box_h = 10, .ofs_x = 0, .ofs_y = 0},
    {.bitmap_index = 1552, .adv_w = 158, .box_w = 10, .box_h = 10, .ofs_x = 0, .ofs_y = 0},
    {.bitmap_index = 1602, .adv_w = 128, .box_w = 8, .box_h = 10, .ofs_x = 0, .ofs_y = 0},
    {.bitmap_index = 1642, .adv_w = 122, .box_w = 8, .box_h = 10, .ofs_x = 0, .ofs_y = 0},
    {.bitmap_index = 1682, .adv_w = 125, .box_w = 8, .box_h = 10, .ofs_x = 0, .ofs_y = 0},
    {.bitmap_index = 1722, .adv_w = 139, .box_w = 8, .box_h = 10, .ofs_x = 0, .ofs_y = 0},
    {.bitmap_index = 1762, .adv_w = 136, .box_w = 9, .box_h = 10, .ofs_x = 0, .ofs_y = 0},
    {.bitmap_index = 1807, .adv_w = 193, .box_w = 12, .box_h = 10, .ofs_x = 0, .ofs_y = 0},
    {.bitmap_index = 1867, .adv_w = 138, .box_w = 8, .box_h = 10, .ofs_x = 0, .ofs_y = 0},
    {.bitmap_index = 1907, .adv_w = 128, .box_w = 8, .box_h = 10, .ofs_x = 0, .ofs_y = 0},
    {.bitmap_index = 1947, .adv_w = 127, .box_w = 8, .box_h = 10, .ofs_x = 0, .ofs_y = 0},
    {.bitmap_index = 1987, .adv_w = 88, .box_w = 5, .box_h = 13, .ofs_x = 0, .ofs_y = -3},
    {.bitmap_index = 2020, .adv_w = 93, .box_w = 6, .box_h = 13, .ofs_x = 0, .ofs_y = -2},
    {.bitmap_index = 2059, .adv_w = 88, .box_w = 5, .box_h = 13, .ofs_x = 0, .ofs_y = -3},
    {.bitmap_index = 2092, .adv_w = 107, .box_w = 5, .box_h = 2, .ofs_x = 1, .ofs_y = 7},
    {.bitmap_index = 2097, .adv_w = 135, .box_w = 7, .box_h = 2, .ofs_x = 1, .ofs_y = -2},
    {.bitmap_index = 2104, .adv_w = 39, .box_w = 3, .box_h = 3, .ofs_x = 0, .ofs_y = 8},
    {.bitmap_index = 2109, .adv_w = 123, .box_w = 7, .box_h = 7, .ofs_x = 0, .ofs_y = 0},
    {.bitmap_index = 2134, .adv_w = 125, .box_w = 8, .box_h = 10, .ofs_x = 0, .ofs_y = 0},
    {.bitmap_index = 2174, .adv_w = 118, .box_w = 7, .box_h = 7, .ofs_x = 0, .ofs_y = 0},
    {.bitmap_index = 2199, .adv_w = 125, .box_w = 7, .box_h = 10, .ofs_x = 0, .ofs_y = 0},
    {.bitmap_index = 2234, .adv_w = 115, .box_w = 7, .box_h = 7, .ofs_x = 0, .ofs_y = 0},
    {.bitmap_index = 2259, .adv_w = 74, .box_w = 5, .box_h = 10, .ofs_x = 0, .ofs_y = 0},
    {.bitmap_index = 2284, .adv_w = 123, .box_w = 7, .box_h = 10, .ofs_x = 0, .ofs_y = -3},
    {.bitmap_index = 2319, .adv_w = 112, .box_w = 7, .box_h = 10, .ofs_x = 0, .ofs_y = 0},
    {.bitmap_index = 2354, .adv_w = 51, .box_w = 3, .box_h = 10, .ofs_x = 0, .ofs_y = 0},
    {.bitmap_index = 2369, .adv_w = 53, .box_w = 4, .box_h = 13, .ofs_x = -1, .ofs_y = -3},
    {.bitmap_index = 2395, .adv_w = 107, .box_w = 7, .box_h = 10, .ofs_x = 0, .ofs_y = 0},
    {.bitmap_index = 2430, .adv_w = 49, .box_w = 3, .box_h = 10, .ofs_x = 0, .ofs_y = 0},
    {.bitmap_index = 2445, .adv_w = 171, .box_w = 10, .box_h = 7, .ofs_x = 0, .ofs_y = 0},
    {.bitmap_index = 2480, .adv_w = 110, .box_w = 7, .box_h = 7, .ofs_x = 0, .ofs_y = 0},
    {.bitmap_index = 2505, .adv_w = 123, .box_w = 7, .box_h = 7, .ofs_x = 0, .ofs_y = 0},
    {.bitmap_index = 2530, .adv_w = 125, .box_w = 8, .box_h = 10, .ofs_x = 0, .ofs_y = -3},
    {.bitmap_index = 2570, .adv_w = 125, .box_w = 7, .box_h = 10, .ofs_x = 0, .ofs_y = -3},
    {.bitmap_index = 2605, .adv_w = 75, .box_w = 5, .box_h = 7, .ofs_x = 0, .ofs_y = 0},
    {.bitmap_index = 2623, .adv_w = 98, .box_w = 6, .box_h = 7, .ofs_x = 0, .ofs_y = 0},
    {.bitmap_index = 2644, .adv_w = 82, .box_w = 5, .box_h = 9, .ofs_x = 0, .ofs_y = 0},
    {.bitmap_index = 2667, .adv_w = 109, .box_w = 6, .box_h = 7, .ofs_x = 0, .ofs_y = 0},
    {.bitmap_index = 2688, .adv_w = 111, .box_w = 7, .box_h = 7, .ofs_x = 0, .ofs_y = 0},
    {.bitmap_index = 2713, .adv_w = 167, .box_w = 11, .box_h = 7, .ofs_x = 0, .ofs_y = 0},
    {.bitmap_index = 2752, .adv_w = 107, .box_w = 7, .box_h = 7, .ofs_x = 0, .ofs_y = 0},
    {.bitmap_index = 2777, .adv_w = 112, .box_w = 7, .box_h = 10, .ofs_x = 0, .ofs_y = -3},
    {.bitmap_index = 2812, .adv_w = 96, .box_w = 6, .box_h = 7, .ofs_x = 0, .ofs_y = 0},
    {.bitmap_index = 2833, .adv_w = 82, .box_w = 5, .box_h = 13, .ofs_x = 0, .ofs_y = -3},
    {.bitmap_index = 2866, .adv_w = 78, .box_w = 2, .box_h = 15, .ofs_x = 1, .ofs_y = -3},
    {.bitmap_index = 2881, .adv_w = 82, .box_w = 5, .box_h = 13, .ofs_x = 0, .ofs_y = -3},
    {.bitmap_index = 2914, .adv_w = 90, .box_w = 5, .box_h = 2, .ofs_x = 0, .ofs_y = 4},
    {.bitmap_index = 2919, .adv_w = 141, .box_w = 9, .box_h = 13, .ofs_x = 0, .ofs_y = 0},
    {.bitmap_index = 2978, .adv_w = 141, .box_w = 9, .box_h = 13, .ofs_x = 0, .ofs_y = 0},
    {.bitmap_index = 3037, .adv_w = 141, .box_w = 9, .box_h = 13, .ofs_x = 0, .ofs_y = 0},
    {.bitmap_index = 3096, .adv_w = 141, .box_w = 9, .box_h = 13, .ofs_x = 0, .ofs_y = 0},
    {.bitmap_index = 3155, .adv_w = 141, .box_w = 9, .box_h = 12, .ofs_x = 0, .ofs_y = 0},
    {.bitmap_index = 3209, .adv_w = 141, .box_w = 9, .box_h = 14, .ofs_x = 0, .ofs_y = 0},
    {.bitmap_index = 3272, .adv_w = 196, .box_w = 12, .box_h = 10, .ofs_x = 0, .ofs_y = 0},
    {.bitmap_index = 3332, .adv_w = 149, .box_w = 9, .box_h = 13, .ofs_x = 0, .ofs_y = -3},
    {.bitmap_index = 3391, .adv_w = 121, .box_w = 6, .box_h = 13, .ofs_x = 1, .ofs_y = 0},
    {.bitmap_index = 3430, .adv_w = 121, .box_w = 6, .box_h = 13, .ofs_x = 1, .ofs_y = 0},
    {.bitmap_index = 3469, .adv_w = 121, .box_w = 6, .box_h = 13, .ofs_x = 1, .ofs_y = 0},
    {.bitmap_index = 3508, .adv_w = 121, .box_w = 6, .box_h = 12, .ofs_x = 1, .ofs_y = 0},
    {.bitmap_index = 3544, .adv_w = 53, .box_w = 3, .box_h = 13, .ofs_x = 0, .ofs_y = 0},
    {.bitmap_index = 3564, .adv_w = 53, .box_w = 3, .box_h = 13, .ofs_x = 1, .ofs_y = 0},
    {.bitmap_index = 3584, .adv_w = 53, .box_w = 5, .box_h = 13, .ofs_x = -1, .ofs_y = 0},
    {.bitmap_index = 3617, .adv_w = 53, .box_w = 5, .box_h = 12, .ofs_x = -1, .ofs_y = 0},
    {.bitmap_index = 3647, .adv_w = 151, .box_w = 9, .box_h = 10, .ofs_x = 0, .ofs_y = 0},
    {.bitmap_index = 3692, .adv_w = 144, .box_w = 7, .box_h = 13, .ofs_x = 1, .ofs_y = 0},
    {.bitmap_index = 3738, .adv_w = 159, .box_w = 10, .box_h = 13, .ofs_x = 0, .ofs_y = 0},
    {.bitmap_index = 3803, .adv_w = 159, .box_w = 10, .box_h = 13, .ofs_x = 0, .ofs_y = 0},
    {.bitmap_index = 3868, .adv_w = 159, .box_w = 10, .box_h = 13, .ofs_x = 0, .ofs_y = 0},
    {.bitmap_index = 3933, .adv_w = 159, .box_w = 10, .box_h = 13, .ofs_x = 0, .ofs_y = 0},
    {.bitmap_index = 3998, .adv_w = 159, .box_w = 10, .box_h = 13, .ofs_x = 0, .ofs_y = 0},
    {.bitmap_index = 4063, .adv_w = 111, .box_w = 5, .box_h = 6, .ofs_x = 1, .ofs_y = 1},
    {.bitmap_index = 4078, .adv_w = 159, .box_w = 10, .box_h = 10, .ofs_x = 0, .ofs_y = 0},
    {.bitmap_index = 4128, .adv_w = 143, .box_w = 7, .box_h = 13, .ofs_x = 1, .ofs_y = 0},
    {.bitmap_index = 4174, .adv_w = 143, .box_w = 7, .box_h = 13, .ofs_x = 1, .ofs_y = 0},
    {.bitmap_index = 4220, .adv_w = 143, .box_w = 7, .box_h = 13, .ofs_x = 1, .ofs_y = 0},
    {.bitmap_index = 4266, .adv_w = 143, .box_w = 7, .box_h = 13, .ofs_x = 1, .ofs_y = 0},
    {.bitmap_index = 4312, .adv_w = 128, .box_w = 8, .box_h = 13, .ofs_x = 0, .ofs_y = 0},
    {.bitmap_index = 4364, .adv_w = 124, .box_w = 8, .box_h = 10, .ofs_x = 0, .ofs_y = 0},
    {.bitmap_index = 4404, .adv_w = 130, .box_w = 8, .box_h = 10, .ofs_x = 0, .ofs_y = 0},
    {.bitmap_index = 4444, .adv_w = 125, .box_w = 7, .box_h = 11, .ofs_x = 0, .ofs_y = 0},
    {.bitmap_index = 4483, .adv_w = 125, .box_w = 7, .box_h = 11, .ofs_x = 0, .ofs_y = 0},
    {.bitmap_index = 4522, .adv_w = 125, .box_w = 7, .box_h = 10, .ofs_x = 0, .ofs_y = 0},
    {.bitmap_index = 4557, .adv_w = 125, .box_w = 7, .box_h = 10, .ofs_x = 0, .ofs_y = 0},
    {.bitmap_index = 4592, .adv_w = 125, .box_w = 7, .box_h = 10, .ofs_x = 0, .ofs_y = 0},
    {.bitmap_index = 4627, .adv_w = 125, .box_w = 7, .box_h = 11, .ofs_x = 0, .ofs_y = 0},
    {.bitmap_index = 4666, .adv_w = 185, .box_w = 11, .box_h = 7, .ofs_x = 0, .ofs_y = 0},
    {.bitmap_index = 4705, .adv_w = 120, .box_w = 7, .box_h = 11, .ofs_x = 0, .ofs_y = -4},
    {.bitmap_index = 4744, .adv_w = 117, .box_w = 7, .box_h = 11, .ofs_x = 0, .ofs_y = 0},
    {.bitmap_index = 4783, .adv_w = 117, .box_w = 7, .box_h = 11, .ofs_x = 0, .ofs_y = 0},
    {.bitmap_index = 4822, .adv_w = 117, .box_w = 7, .box_h = 10, .ofs_x = 0, .ofs_y = 0},
    {.bitmap_index = 4857, .adv_w = 117, .box_w = 7, .box_h = 10, .ofs_x = 0, .ofs_y = 0},
    {.bitmap_index = 4892, .adv_w = 53, .box_w = 4, .box_h = 11, .ofs_x = -1, .ofs_y = 0},
    {.bitmap_index = 4914, .adv_w = 53, .box_w = 3, .box_h = 11, .ofs_x = 1, .ofs_y = 0},
    {.bitmap_index = 4931, .adv_w = 53, .box_w = 5, .box_h = 10, .ofs_x = -1, .ofs_y = 0},
    {.bitmap_index = 4956, .adv_w = 53, .box_w = 5, .box_h = 10, .ofs_x = -1, .ofs_y = 0},
    {.bitmap_index = 4981, .adv_w = 123, .box_w = 7, .box_h = 11, .ofs_x = 0, .ofs_y = 0},
    {.bitmap_index = 5020, .adv_w = 115, .box_w = 6, .box_h = 10, .ofs_x = 1, .ofs_y = 0},
    {.bitmap_index = 5050, .adv_w = 125, .box_w = 8, .box_h = 11, .ofs_x = 0, .ofs_y = 0},
    {.bitmap_index = 5094, .adv_w = 125, .box_w = 8, .box_h = 11, .ofs_x = 0, .ofs_y = 0},
    {.bitmap_index = 5138, .adv_w = 125, .box_w = 8, .box_h = 10, .ofs_x = 0, .ofs_y = 0},
    {.bitmap_index = 5178, .adv_w = 125, .box_w = 8, .box_h = 10, .ofs_x = 0, .ofs_y = 0},
    {.bitmap_index = 5218, .adv_w = 125, .box_w = 8, .box_h = 10, .ofs_x = 0, .ofs_y = 0},
    {.bitmap_index = 5258, .adv_w = 127, .box_w = 6, .box_h = 6, .ofs_x = 1, .ofs_y = 1},
    {.bitmap_index = 5276, .adv_w = 123, .box_w = 7, .box_h = 9, .ofs_x = 0, .ofs_y = -1},
    {.bitmap_index = 5308, .adv_w = 113, .box_w = 6, .box_h = 11, .ofs_x = 1, .ofs_y = 0},
    {.bitmap_index = 5341, .adv_w = 113, .box_w = 6, .box_h = 11, .ofs_x = 1, .ofs_y = 0},
    {.bitmap_index = 5374, .adv_w = 113, .box_w = 6, .box_h = 10, .ofs_x = 1, .ofs_y = 0},
    {.bitmap_index = 5404, .adv_w = 113, .box_w = 6, .box_h = 10, .ofs_x = 1, .ofs_y = 0},
    {.bitmap_index = 5434, .adv_w = 112, .box_w = 7, .box_h = 13, .ofs_x = 0, .ofs_y = -3},
    {.bitmap_index = 5480, .adv_w = 125, .box_w = 8, .box_h = 13, .ofs_x = 0, .ofs_y = -3},
    {.bitmap_index = 5532, .adv_w = 112, .box_w = 7, .box_h = 13, .ofs_x = 0, .ofs_y = -3},
    {.bitmap_index = 5578, .adv_w = 141, .box_w = 9, .box_h = 12, .ofs_x = 0, .ofs_y = 0},
    {.bitmap_index = 5632, .adv_w = 125, .box_w = 7, .box_h = 9, .ofs_x = 0, .ofs_y = 0},
    {.bitmap_index = 5664, .adv_w = 141, .box_w = 9, .box_h = 13, .ofs_x = 0, .ofs_y = 0},
    {.bitmap_index = 5723, .adv_w = 125, .box_w = 7, .box_h = 10, .ofs_x = 0, .ofs_y = 0},
    {.bitmap_index = 5758, .adv_w = 141, .box_w = 9, .box_h = 12, .ofs_x = 0, .ofs_y = -2},
    {.bitmap_index = 5812, .adv_w = 125, .box_w = 8, .box_h = 9, .ofs_x = 0, .ofs_y = -2},
    {.bitmap_index = 5848, .adv_w = 149, .box_w = 9, .box_h = 13, .ofs_x = 0, .ofs_y = 0},
    {.bitmap_index = 5907, .adv_w = 120, .box_w = 7, .box_h = 11, .ofs_x = 0, .ofs_y = 0},
    {.bitmap_index = 5946, .adv_w = 149, .box_w = 9, .box_h = 13, .ofs_x = 0, .ofs_y = 0},
    {.bitmap_index = 6005, .adv_w = 120, .box_w = 7, .box_h = 10, .ofs_x = 0, .ofs_y = 0},
    {.bitmap_index = 6040, .adv_w = 149, .box_w = 9, .box_h = 13, .ofs_x = 0, .ofs_y = 0},
    {.bitmap_index = 6099, .adv_w = 120, .box_w = 7, .box_h = 10, .ofs_x = 0, .ofs_y = 0},
    {.bitmap_index = 6134, .adv_w = 142, .box_w = 8, .box_h = 13, .ofs_x = 1, .ofs_y = 0},
    {.bitmap_index = 6186, .adv_w = 135, .box_w = 9, .box_h = 10, .ofs_x = 0, .ofs_y = 0},
    {.bitmap_index = 6231, .adv_w = 151, .box_w = 9, .box_h = 10, .ofs_x = 0, .ofs_y = 0},
    {.bitmap_index = 6276, .adv_w = 127, .box_w = 8, .box_h = 10, .ofs_x = 0, .ofs_y = 0},
    {.bitmap_index = 6316, .adv_w = 121, .box_w = 6, .box_h = 12, .ofs_x = 1, .ofs_y = 0},
    {.bitmap_index = 6352, .adv_w = 117, .box_w = 7, .box_h = 9, .ofs_x = 0, .ofs_y = 0},
    {.bitmap_index = 6384, .adv_w = 121, .box_w = 6, .box_h = 13, .ofs_x = 1, .ofs_y = 0},
    {.bitmap_index = 6423, .adv_w = 117, .box_w = 7, .box_h = 10, .ofs_x = 0, .ofs_y = 0},
    {.bitmap_index = 6458, .adv_w = 121, .box_w = 7, .box_h = 12, .ofs_x = 1, .ofs_y = -2},
    {.bitmap_index = 6500, .adv_w = 117, .box_w = 7, .box_h = 10, .ofs_x = 0, .ofs_y = -3},
    {.bitmap_index = 6535, .adv_w = 121, .box_w = 6, .box_h = 13, .ofs_x = 1, .ofs_y = 0},
    {.bitmap_index = 6574, .adv_w = 117, .box_w = 7, .box_h = 10, .ofs_x = 0, .ofs_y = 0},
    {.bitmap_index = 6609, .adv_w = 150, .box_w = 9, .box_h = 13, .ofs_x = 0, .ofs_y = 0},
    {.bitmap_index = 6668, .adv_w = 126, .box_w = 7, .box_h = 13, .ofs_x = 0, .ofs_y = -3},
    {.bitmap_index = 6714, .adv_w = 150, .box_w = 9, .box_h = 13, .ofs_x = 0, .ofs_y = 0},
    {.bitmap_index = 6773, .adv_w = 126, .box_w = 7, .box_h = 13, .ofs_x = 0, .ofs_y = -3},
    {.bitmap_index = 6819, .adv_w = 149, .box_w = 9, .box_h = 10, .ofs_x = 0, .ofs_y = 0},
    {.bitmap_index = 6864, .adv_w = 119, .box_w = 7, .box_h = 10, .ofs_x = 0, .ofs_y = 0},
    {.bitmap_index = 6899, .adv_w = 53, .box_w = 5, .box_h = 13, .ofs_x = -1, .ofs_y = 0},
    {.bitmap_index = 6932, .adv_w = 53, .box_w = 5, .box_h = 10, .ofs_x = -1, .ofs_y = 0},
    {.bitmap_index = 6957, .adv_w = 53, .box_w = 5, .box_h = 12, .ofs_x = -1, .ofs_y = 0},
    {.bitmap_index = 6987, .adv_w = 53, .box_w = 5, .box_h = 9, .ofs_x = -1, .ofs_y = 0},
    {.bitmap_index = 7010, .adv_w = 53, .box_w = 3, .box_h = 12, .ofs_x = 0, .ofs_y = -2},
    {.bitmap_index = 7028, .adv_w = 53, .box_w = 3, .box_h = 12, .ofs_x = 0, .ofs_y = -2},
    {.bitmap_index = 7046, .adv_w = 53, .box_w = 3, .box_h = 13, .ofs_x = 0, .ofs_y = 0},
    {.bitmap_index = 7066, .adv_w = 53, .box_w = 2, .box_h = 7, .ofs_x = 1, .ofs_y = 0},
    {.bitmap_index = 7073, .adv_w = 122, .box_w = 6, .box_h = 13, .ofs_x = 1, .ofs_y = 0},
    {.bitmap_index = 7112, .adv_w = 53, .box_w = 3, .box_h = 14, .ofs_x = 1, .ofs_y = 0},
    {.bitmap_index = 7133, .adv_w = 122, .box_w = 8, .box_h = 13, .ofs_x = -1, .ofs_y = 0},
    {.bitmap_index = 7185, .adv_w = 61, .box_w = 5, .box_h = 10, .ofs_x = 0, .ofs_y = 0},
    {.bitmap_index = 7210, .adv_w = 125, .box_w = 8, .box_h = 10, .ofs_x = 0, .ofs_y = 0},
    {.bitmap_index = 7250, .adv_w = 81, .box_w = 5, .box_h = 10, .ofs_x = 0, .ofs_y = 0},
    {.bitmap_index = 7275, .adv_w = 144, .box_w = 7, .box_h = 13, .ofs_x = 1, .ofs_y = 0},
    {.bitmap_index = 7321, .adv_w = 115, .box_w = 6, .box_h = 11, .ofs_x = 1, .ofs_y = 0},
    {.bitmap_index = 7354, .adv_w = 144, .box_w = 7, .box_h = 13, .ofs_x = 1, .ofs_y = 0},
    {.bitmap_index = 7400, .adv_w = 115, .box_w = 6, .box_h = 10, .ofs_x = 1, .ofs_y = 0},
    {.bitmap_index = 7430, .adv_w = 159, .box_w = 10, .box_h = 12, .ofs_x = 0, .ofs_y = 0},
    {.bitmap_index = 7490, .adv_w = 125, .box_w = 8, .box_h = 9, .ofs_x = 0, .ofs_y = 0},
    {.bitmap_index = 7526, .adv_w = 159, .box_w = 10, .box_h = 14, .ofs_x = 0, .ofs_y = 0},
    {.bitmap_index = 7596, .adv_w = 125, .box_w = 8, .box_h = 11, .ofs_x = 0, .ofs_y = 0},
    {.bitmap_index = 7640, .adv_w = 192, .box_w = 12, .box_h = 10, .ofs_x = 0, .ofs_y = 0},
    {.bitmap_index = 7700, .adv_w = 197, .box_w = 12, .box_h = 7, .ofs_x = 0, .ofs_y = 0},
    {.bitmap_index = 7742, .adv_w = 130, .box_w = 7, .box_h = 13, .ofs_x = 1, .ofs_y = 0},
    {.bitmap_index = 7788, .adv_w = 81, .box_w = 4, .box_h = 11, .ofs_x = 1, .ofs_y = 0},
    {.bitmap_index = 7810, .adv_w = 130, .box_w = 7, .box_h = 13, .ofs_x = 1, .ofs_y = 0},
    {.bitmap_index = 7856, .adv_w = 81, .box_w = 5, .box_h = 10, .ofs_x = 0, .ofs_y = 0},
    {.bitmap_index = 7881, .adv_w = 122, .box_w = 8, .box_h = 13, .ofs_x = 0, .ofs_y = 0},
    {.bitmap_index = 7933, .adv_w = 100, .box_w = 6, .box_h = 11, .ofs_x = 0, .ofs_y = 0},
    {.bitmap_index = 7966, .adv_w = 122, .box_w = 8, .box_h = 13, .ofs_x = 0, .ofs_y = -3},
    {.bitmap_index = 8018, .adv_w = 100, .box_w = 6, .box_h = 10, .ofs_x = 0, .ofs_y = -3},
    {.bitmap_index = 8048, .adv_w = 122, .box_w = 8, .box_h = 13, .ofs_x = 0, .ofs_y = 0},
    {.bitmap_index = 8100, .adv_w = 100, .box_w = 6, .box_h = 10, .ofs_x = 0, .ofs_y = 0},
    {.bitmap_index = 8130, .adv_w = 125, .box_w = 8, .box_h = 13, .ofs_x = 0, .ofs_y = -3},
    {.bitmap_index = 8182, .adv_w = 82, .box_w = 5, .box_h = 12, .ofs_x = 0, .ofs_y = -3},
    {.bitmap_index = 8212, .adv_w = 125, .box_w = 8, .box_h = 13, .ofs_x = 0, .ofs_y = 0},
    {.bitmap_index = 8264, .adv_w = 75, .box_w = 5, .box_h = 11, .ofs_x = 0, .ofs_y = 0},
    {.bitmap_index = 8292, .adv_w = 125, .box_w = 8, .box_h = 10, .ofs_x = 0, .ofs_y = 0},
    {.bitmap_index = 8332, .adv_w = 82, .box_w = 5, .box_h = 9, .ofs_x = 0, .ofs_y = 0},
    {.bitmap_index = 8355, .adv_w = 143, .box_w = 7, .box_h = 13, .ofs_x = 1, .ofs_y = 0},
    {.bitmap_index = 8401, .adv_w = 113, .box_w = 6, .box_h = 10, .ofs_x = 1, .ofs_y = 0},
    {.bitmap_index = 8431, .adv_w = 143, .box_w = 7, .box_h = 12, .ofs_x = 1, .ofs_y = 0},
    {.bitmap_index = 8473, .adv_w = 113, .box_w = 6, .box_h = 9, .ofs_x = 1, .ofs_y = 0},
    {.bitmap_index = 8500, .adv_w = 143, .box_w = 7, .box_h = 14, .ofs_x = 1, .ofs_y = 0},
    {.bitmap_index = 8549, .adv_w = 113, .box_w = 6, .box_h = 11, .ofs_x = 1, .ofs_y = 0},
    {.bitmap_index = 8582, .adv_w = 143, .box_w = 7, .box_h = 13, .ofs_x = 1, .ofs_y = 0},
    {.bitmap_index = 8628, .adv_w = 113, .box_w = 6, .box_h = 11, .ofs_x = 1, .ofs_y = 0},
    {.bitmap_index = 8661, .adv_w = 143, .box_w = 7, .box_h = 13, .ofs_x = 1, .ofs_y = -3},
    {.bitmap_index = 8707, .adv_w = 113, .box_w = 6, .box_h = 9, .ofs_x = 1, .ofs_y = -2},
    {.bitmap_index = 8734, .adv_w = 187, .box_w = 12, .box_h = 13, .ofs_x = 0, .ofs_y = 0},
    {.bitmap_index = 8812, .adv_w = 167, .box_w = 11, .box_h = 10, .ofs_x = 0, .ofs_y = 0},
    {.bitmap_index = 8867, .adv_w = 128, .box_w = 8, .box_h = 13, .ofs_x = 0, .ofs_y = 0},
    {.bitmap_index = 8919, .adv_w = 112, .box_w = 7, .box_h = 13, .ofs_x = 0, .ofs_y = -3},
    {.bitmap_index = 8965, .adv_w = 128, .box_w = 8, .box_h = 12, .ofs_x = 0, .ofs_y = 0},
    {.bitmap_index = 9013, .adv_w = 127, .box_w = 8, .box_h = 13, .ofs_x = 0, .ofs_y = 0},
    {.bitmap_index = 9065, .adv_w = 96, .box_w = 6, .box_h = 10, .ofs_x = 0, .ofs_y = 0},
    {.bitmap_index = 9095, .adv_w = 127, .box_w = 8, .box_h = 13, .ofs_x = 0, .ofs_y = 0},
    {.bitmap_index = 9147, .adv_w = 96, .box_w = 6, .box_h = 10, .ofs_x = 0, .ofs_y = 0},
    {.bitmap_index = 9177, .adv_w = 127, .box_w = 8, .box_h = 13, .ofs_x = 0, .ofs_y = 0},
    {.bitmap_index = 9229, .adv_w = 96, .box_w = 6, .box_h = 10, .ofs_x = 0, .ofs_y = 0},
    {.bitmap_index = 9259, .adv_w = 111, .box_w = 8, .box_h = 9, .ofs_x = 0, .ofs_y = 0},
    {.bitmap_index = 9295, .adv_w = 141, .box_w = 9, .box_h = 13, .ofs_x = 0, .ofs_y = -3},
    {.bitmap_index = 9354, .adv_w = 125, .box_w = 7, .box_h = 10, .ofs_x = 0, .ofs_y = -3},
    {.bitmap_index = 9389, .adv_w = 141, .box_w = 9, .box_h = 14, .ofs_x = 0, .ofs_y = 0},
    {.bitmap_index = 9452, .adv_w = 125, .box_w = 7, .box_h = 11, .ofs_x = 0, .ofs_y = 0},
    {.bitmap_index = 9491, .adv_w = 141, .box_w = 9, .box_h = 15, .ofs_x = 0, .ofs_y = 0},
    {.bitmap_index = 9559, .adv_w = 125, .box_w = 8, .box_h = 12, .ofs_x = 0, .ofs_y = 0},
    {.bitmap_index = 9607, .adv_w = 141, .box_w = 9, .box_h = 15, .ofs_x = 0, .ofs_y = 0},
    {.bitmap_index = 9675, .adv_w = 125, .box_w = 7, .box_h = 12, .ofs_x = 0, .ofs_y = 0},
    {.bitmap_index = 9717, .adv_w = 141, .box_w = 9, .box_h = 15, .ofs_x = 0, .ofs_y = 0},
    {.bitmap_index = 9785, .adv_w = 125, .box_w = 8, .box_h = 12, .ofs_x = 0, .ofs_y = 0},
    {.bitmap_index = 9833, .adv_w = 141, .box_w = 9, .box_h = 15, .ofs_x = 0, .ofs_y = 0},
    {.bitmap_index = 9901, .adv_w = 125, .box_w = 7, .box_h = 12, .ofs_x = 0, .ofs_y = 0},
    {.bitmap_index = 9943, .adv_w = 141, .box_w = 9, .box_h = 16, .ofs_x = 0, .ofs_y = -3},
    {.bitmap_index = 10015, .adv_w = 125, .box_w = 7, .box_h = 13, .ofs_x = 0, .ofs_y = -3},
    {.bitmap_index = 10061, .adv_w = 141, .box_w = 9, .box_h = 15, .ofs_x = 0, .ofs_y = 0},
    {.bitmap_index = 10129, .adv_w = 125, .box_w = 7, .box_h = 13, .ofs_x = 0, .ofs_y = 0},
    {.bitmap_index = 10175, .adv_w = 141, .box_w = 9, .box_h = 15, .ofs_x = 0, .ofs_y = 0},
    {.bitmap_index = 10243, .adv_w = 125, .box_w = 7, .box_h = 13, .ofs_x = 0, .ofs_y = 0},
    {.bitmap_index = 10289, .adv_w = 141, .box_w = 9, .box_h = 16, .ofs_x = 0, .ofs_y = 0},
    {.bitmap_index = 10361, .adv_w = 125, .box_w = 7, .box_h = 13, .ofs_x = 0, .ofs_y = 0},
    {.bitmap_index = 10407, .adv_w = 141, .box_w = 9, .box_h = 15, .ofs_x = 0, .ofs_y = 0},
    {.bitmap_index = 10475, .adv_w = 125, .box_w = 7, .box_h = 12, .ofs_x = 0, .ofs_y = 0},
    {.bitmap_index = 10517, .adv_w = 141, .box_w = 9, .box_h = 16, .ofs_x = 0, .ofs_y = -3},
    {.bitmap_index = 10589, .adv_w = 125, .box_w = 7, .box_h = 13, .ofs_x = 0, .ofs_y = -3},
    {.bitmap_index = 10635, .adv_w = 121, .box_w = 6, .box_h = 13, .ofs_x = 1, .ofs_y = -3},
    {.bitmap_index = 10674, .adv_w = 117, .box_w = 7, .box_h = 10, .ofs_x = 0, .ofs_y = -3},
    {.bitmap_index = 10709, .adv_w = 121, .box_w = 6, .box_h = 14, .ofs_x = 1, .ofs_y = 0},
    {.bitmap_index = 10751, .adv_w = 117, .box_w = 7, .box_h = 11, .ofs_x = 0, .ofs_y = 0},
    {.bitmap_index = 10790, .adv_w = 121, .box_w = 6, .box_h = 13, .ofs_x = 1, .ofs_y = 0},
    {.bitmap_index = 10829, .adv_w = 117, .box_w = 7, .box_h = 10, .ofs_x = 0, .ofs_y = 0},
    {.bitmap_index = 10864, .adv_w = 121, .box_w = 7, .box_h = 15, .ofs_x = 1, .ofs_y = 0},
    {.bitmap_index = 10917, .adv_w = 117, .box_w = 8, .box_h = 12, .ofs_x = 0, .ofs_y = 0},
    {.bitmap_index = 10965, .adv_w = 121, .box_w = 6, .box_h = 15, .ofs_x = 1, .ofs_y = 0},
    {.bitmap_index = 11010, .adv_w = 117, .box_w = 7, .box_h = 12, .ofs_x = 0, .ofs_y = 0},
    {.bitmap_index = 11052, .adv_w = 121, .box_w = 7, .box_h = 15, .ofs_x = 1, .ofs_y = 0},
    {.bitmap_index = 11105, .adv_w = 117, .box_w = 7, .box_h = 13, .ofs_x = 0, .ofs_y = 0},
    {.bitmap_index = 11151, .adv_w = 121, .box_w = 6, .box_h = 15, .ofs_x = 1, .ofs_y = 0},
    {.bitmap_index = 11196, .adv_w = 117, .box_w = 7, .box_h = 12, .ofs_x = 0, .ofs_y = 0},
    {.bitmap_index = 11238, .adv_w = 121, .box_w = 6, .box_h = 16, .ofs_x = 1, .ofs_y = -3},
    {.bitmap_index = 11286, .adv_w = 117, .box_w = 7, .box_h = 13, .ofs_x = 0, .ofs_y = -3},
    {.bitmap_index = 11332, .adv_w = 53, .box_w = 4, .box_h = 14, .ofs_x = 0, .ofs_y = 0},
    {.bitmap_index = 11360, .adv_w = 53, .box_w = 4, .box_h = 11, .ofs_x = 0, .ofs_y = 0},
    {.bitmap_index = 11382, .adv_w = 53, .box_w = 3, .box_h = 13, .ofs_x = 0, .ofs_y = -3},
    {.bitmap_index = 11402, .adv_w = 53, .box_w = 3, .box_h = 13, .ofs_x = 0, .ofs_y = -3},
    {.bitmap_index = 11422, .adv_w = 159, .box_w = 10, .box_h = 13, .ofs_x = 0, .ofs_y = -3},
    {.bitmap_index = 11487, .adv_w = 125, .box_w = 8, .box_h = 10, .ofs_x = 0, .ofs_y = -3},
    {.bitmap_index = 11527, .adv_w = 159, .box_w = 10, .box_h = 14, .ofs_x = 0, .ofs_y = 0},
    {.bitmap_index = 11597, .adv_w = 125, .box_w = 8, .box_h = 11, .ofs_x = 0, .ofs_y = 0},
    {.bitmap_index = 11641, .adv_w = 159, .box_w = 10, .box_h = 15, .ofs_x = 0, .ofs_y = 0},
    {.bitmap_index = 11716, .adv_w = 125, .box_w = 8, .box_h = 12, .ofs_x = 0, .ofs_y = 0},
    {.bitmap_index = 11764, .adv_w = 159, .box_w = 10, .box_h = 15, .ofs_x = 0, .ofs_y = 0},
    {.bitmap_index = 11839, .adv_w = 125, .box_w = 8, .box_h = 12, .ofs_x = 0, .ofs_y = 0},
    {.bitmap_index = 11887, .adv_w = 159, .box_w = 10, .box_h = 15, .ofs_x = 0, .ofs_y = 0},
    {.bitmap_index = 11962, .adv_w = 125, .box_w = 8, .box_h = 13, .ofs_x = 0, .ofs_y = 0},
    {.bitmap_index = 12014, .adv_w = 159, .box_w = 10, .box_h = 15, .ofs_x = 0, .ofs_y = 0},
    {.bitmap_index = 12089, .adv_w = 125, .box_w = 8, .box_h = 12, .ofs_x = 0, .ofs_y = 0},
    {.bitmap_index = 12137, .adv_w = 159, .box_w = 10, .box_h = 16, .ofs_x = 0, .ofs_y = -3},
    {.bitmap_index = 12217, .adv_w = 125, .box_w = 8, .box_h = 13, .ofs_x = 0, .ofs_y = -3},
    {.bitmap_index = 12269, .adv_w = 159, .box_w = 10, .box_h = 13, .ofs_x = 0, .ofs_y = 0},
    {.bitmap_index = 12334, .adv_w = 125, .box_w = 8, .box_h = 11, .ofs_x = 0, .ofs_y = 0},
    {.bitmap_index = 12378, .adv_w = 159, .box_w = 10, .box_h = 13, .ofs_x = 0, .ofs_y = 0},
    {.bitmap_index = 12443, .adv_w = 125, .box_w = 8, .box_h = 11, .ofs_x = 0, .ofs_y = 0},
    {.bitmap_index = 12487, .adv_w = 159, .box_w = 10, .box_h = 14, .ofs_x = 0, .ofs_y = 0},
    {.bitmap_index = 12557, .adv_w = 125, .box_w = 8, .box_h = 11, .ofs_x = 0, .ofs_y = 0},
    {.bitmap_index = 12601, .adv_w = 159, .box_w = 10, .box_h = 13, .ofs_x = 0, .ofs_y = 0},
    {.bitmap_index = 12666, .adv_w = 125, .box_w = 8, .box_h = 10, .ofs_x = 0, .ofs_y = 0},
    {.bitmap_index = 12706, .adv_w = 159, .box_w = 10, .box_h = 15, .ofs_x = 0, .ofs_y = -3},
    {.bitmap_index = 12781, .adv_w = 125, .box_w = 8, .box_h = 12, .ofs_x = 0, .ofs_y = -3},
    {.bitmap_index = 12829, .adv_w = 143, .box_w = 7, .box_h = 13, .ofs_x = 1, .ofs_y = -3},
    {.bitmap_index = 12875, .adv_w = 113, .box_w = 6, .box_h = 10, .ofs_x = 1, .ofs_y = -3},
    {.bitmap_index = 12905, .adv_w = 143, .box_w = 7, .box_h = 14, .ofs_x = 1, .ofs_y = 0},
    {.bitmap_index = 12954, .adv_w = 113, .box_w = 6, .box_h = 11, .ofs_x = 1, .ofs_y = 0},
    {.bitmap_index = 12987, .adv_w = 143, .box_w = 9, .box_h = 13, .ofs_x = 1, .ofs_y = 0},
    {.bitmap_index = 13046, .adv_w = 113, .box_w = 7, .box_h = 11, .ofs_x = 1, .ofs_y = 0},
    {.bitmap_index = 13085, .adv_w = 143, .box_w = 9, .box_h = 13, .ofs_x = 1, .ofs_y = 0},
    {.bitmap_index = 13144, .adv_w = 113, .box_w = 7, .box_h = 11, .ofs_x = 1, .ofs_y = 0},
    {.bitmap_index = 13183, .adv_w = 143, .box_w = 9, .box_h = 14, .ofs_x = 1, .ofs_y = 0},
    {.bitmap_index = 13246, .adv_w = 113, .box_w = 7, .box_h = 11, .ofs_x = 1, .ofs_y = 0},
    {.bitmap_index = 13285, .adv_w = 143, .box_w = 9, .box_h = 13, .ofs_x = 1, .ofs_y = 0},
    {.bitmap_index = 13344, .adv_w = 113, .box_w = 7, .box_h = 10, .ofs_x = 1, .ofs_y = 0},
    {.bitmap_index = 13379, .adv_w = 143, .box_w = 9, .box_h = 14, .ofs_x = 1, .ofs_y = -3},
    {.bitmap_index = 13442, .adv_w = 113, .box_w = 7, .box_h = 12, .ofs_x = 1, .ofs_y = -3},
    {.bitmap_index = 13484, .adv_w = 128, .box_w = 8, .box_h = 13, .ofs_x = 0, .ofs_y = 0},
    {.bitmap_index = 13536, .adv_w = 112, .box_w = 7, .box_h = 13, .ofs_x = 0, .ofs_y = -3},
    {.bitmap_index = 13582, .adv_w = 128, .box_w = 8, .box_h = 13, .ofs_x = 0, .ofs_y = -3},
    {.bitmap_index = 13634, .adv_w = 112, .box_w = 7, .box_h = 11, .ofs_x = 0, .ofs_y = -4},
    {.bitmap_index = 13673, .adv_w = 128, .box_w = 8, .box_h = 13, .ofs_x = 0, .ofs_y = 0},
    {.bitmap_index = 13725, .adv_w = 112, .box_w = 7, .box_h = 13, .ofs_x = 0, .ofs_y = -3},
    {.bitmap_index = 13771, .adv_w = 128, .box_w = 8, .box_h = 12, .ofs_x = 0, .ofs_y = 0},
    {.bitmap_index = 13819, .adv_w = 112, .box_w = 7, .box_h = 13, .ofs_x = 0, .ofs_y = -3}
};

/*---------------------
 *  CHARACTER MAPPING
 *--------------------*/

static const uint8_t glyph_id_ofs_list_2[] = {
    0, 1, 2, 3, 4, 5, 6, 7,
    8, 9, 0, 0, 10, 11, 12, 13,
    14, 15, 0, 0, 16, 17, 18, 19,
    0, 0, 0, 0, 20, 21, 22, 23,
    24, 25, 0, 0, 26, 27, 28, 29,
    0, 0, 0, 0, 0, 0, 0, 30,
    31, 0, 0, 32, 33, 0, 0, 34,
    35, 36, 37, 0, 0, 38, 39, 0,
    0, 0, 40, 41, 0, 0, 42, 43,
    44, 45, 46, 47, 0, 0, 48, 49,
    50, 51, 0, 0, 52, 53, 54, 55,
    56, 57, 58, 59, 60, 61, 62, 63,
    64, 65
};

/*Collect the unicode lists and glyph_id offsets*/
static const lv_font_fmt_txt_cmap_t cmaps[] =
{
    {
        .range_start = 32, .range_length = 95, .glyph_id_start = 1,
        .unicode_list = NULL, .glyph_id_ofs_list = NULL, .list_length = 0, .type = LV_FONT_FMT_TXT_CMAP_FORMAT0_TINY
    },
    {
        .range_start = 192, .range_length = 72, .glyph_id_start = 96,
        .unicode_list = NULL, .glyph_id_ofs_list = NULL, .list_length = 0, .type = LV_FONT_FMT_TXT_CMAP_FORMAT0_TINY
    },
    {
        .range_start = 266, .range_length = 98, .glyph_id_start = 168,
        .unicode_list = NULL, .glyph_id_ofs_list = glyph_id_ofs_list_2, .list_length = 98, .type = LV_FONT_FMT_TXT_CMAP_FORMAT0_FULL
    },
    {
        .range_start = 366, .range_length = 17, .glyph_id_start = 234,
        .unicode_list = NULL, .glyph_id_ofs_list = NULL, .list_length = 0, .type = LV_FONT_FMT_TXT_CMAP_FORMAT0_TINY
    },
    {
        .range_start = 432, .range_length = 1, .glyph_id_start = 251,
        .unicode_list = NULL, .glyph_id_ofs_list = NULL, .list_length = 0, .type = LV_FONT_FMT_TXT_CMAP_FORMAT0_TINY
    },
    {
        .range_start = 7840, .range_length = 90, .glyph_id_start = 252,
        .unicode_list = NULL, .glyph_id_ofs_list = NULL, .list_length = 0, .type = LV_FONT_FMT_TXT_CMAP_FORMAT0_TINY
    }
};

/*-----------------
 *    KERNING
 *----------------*/


/*Map glyph_ids to kern left classes*/
static const uint8_t kern_left_class_mapping[] =
{
    0, 0, 0, 1, 2, 3, 4, 0,
    1, 0, 4, 0, 0, 5, 0, 5,
    6, 4, 0, 7, 8, 9, 10, 11,
    12, 13, 14, 0, 0, 0, 0, 15,
    0, 0, 16, 8, 17, 4, 18, 19,
    0, 20, 20, 21, 22, 23, 20, 20,
    4, 24, 0, 25, 3, 26, 21, 27,
    27, 28, 29, 30, 0, 31, 0, 0,
    0, 0, 32, 33, 34, 20, 33, 35,
    36, 37, 0, 38, 39, 20, 37, 37,
    33, 33, 40, 41, 42, 43, 44, 45,
    45, 46, 47, 48, 0, 0, 0, 0,
    16, 16, 16, 16, 16, 16, 18, 4,
    18, 18, 18, 18, 20, 20, 20, 20,
    4, 20, 4, 4, 4, 4, 4, 0,
    4, 21, 21, 21, 21, 29, 0, 8,
    32, 32, 32, 32, 32, 32, 33, 49,
    33, 33, 33, 33, 0, 0, 0, 0,
    50, 37, 33, 33, 33, 33, 33, 0,
    0, 44, 44, 44, 44, 47, 33, 47,
    16, 32, 16, 32, 16, 32, 4, 49,
    4, 49, 4, 49, 4, 0, 4, 50,
    18, 33, 18, 33, 18, 33, 18, 33,
    0, 36, 0, 36, 0, 37, 20, 0,
    20, 0, 20, 0, 20, 0, 23, 20,
    23, 0, 23, 0, 20, 37, 20, 37,
    4, 0, 4, 0, 18, 33, 25, 41,
    25, 41, 3, 42, 3, 42, 3, 42,
    26, 51, 26, 51, 26, 51, 21, 44,
    21, 44, 21, 44, 21, 44, 21, 44,
    27, 45, 29, 47, 29, 30, 48, 30,
    48, 30, 48, 52, 16, 32, 16, 32,
    16, 32, 16, 32, 16, 32, 16, 32,
    16, 32, 16, 32, 16, 32, 16, 32,
    16, 32, 16, 32, 18, 33, 18, 33,
    18, 33, 18, 33, 18, 33, 18, 33,
    18, 33, 18, 33, 20, 0, 20, 0,
    4, 33, 4, 33, 4, 33, 4, 33,
    4, 33, 4, 33, 4, 33, 4, 0,
    4, 0, 4, 0, 4, 0, 4, 0,
    21, 44, 21, 44, 53, 52, 53, 52,
    53, 52, 53, 52, 53, 52, 29, 47,
    29, 47, 29, 47, 29, 47
};

/*Map glyph_ids to kern right classes*/
static const uint8_t kern_right_class_mapping[] =
{
    0, 0, 1, 2, 3, 4, 5, 0,
    6, 5, 7, 8, 0, 9, 0, 9,
    10, 5, 11, 12, 13, 14, 15, 16,
    17, 18, 19, 0, 0, 0, 0, 20,
    21, 0, 22, 23, 5, 24, 23, 23,
    5, 23, 23, 25, 23, 23, 23, 23,
    5, 23, 5, 23, 4, 26, 27, 28,
    28, 29, 30, 31, 0, 32, 0, 0,
    0, 0, 16, 23, 16, 16, 16, 33,
    16, 23, 34, 35, 23, 23, 36, 36,
    16, 36, 16, 37, 38, 39, 40, 41,
    41, 42, 43, 44, 0, 0, 45, 0,
    22, 22, 22, 22, 22, 22, 22, 5,
    23, 23, 23, 23, 23, 23, 23, 23,
    0, 23, 5, 5, 5, 5, 5, 0,
    5, 27, 27, 27, 27, 30, 23, 23,
    16, 16, 16, 16, 16, 16, 46, 16,
    16, 16, 16, 16, 47, 34, 34, 34,
    16, 34, 16, 16, 16, 16, 16, 0,
    0, 40, 40, 40, 40, 43, 23, 43,
    22, 16, 22, 16, 22, 16, 5, 16,
    5, 16, 5, 16, 24, 16, 0, 16,
    23, 16, 23, 16, 23, 16, 23, 16,
    5, 16, 5, 16, 0, 0, 23, 48,
    23, 34, 23, 34, 23, 34, 23, 23,
    23, 23, 0, 0, 23, 34, 23, 34,
    5, 0, 5, 0, 5, 16, 23, 37,
    23, 37, 4, 38, 4, 38, 4, 38,
    26, 39, 26, 39, 26, 39, 27, 40,
    27, 40, 27, 40, 27, 40, 27, 40,
    28, 41, 30, 43, 30, 49, 44, 49,
    44, 49, 44, 40, 22, 16, 22, 16,
    22, 16, 22, 16, 22, 16, 22, 16,
    22, 16, 22, 16, 22, 16, 22, 16,
    22, 16, 22, 16, 23, 16, 23, 16,
    23, 16, 23, 16, 23, 16, 23, 16,
    23, 16, 23, 16, 23, 34, 23, 34,
    5, 16, 5, 16, 5, 16, 5, 16,
    5, 16, 5, 16, 5, 16, 5, 16,
    5, 16, 5, 16, 5, 16, 5, 16,
    27, 40, 27, 40, 27, 40, 27, 40,
    27, 40, 27, 40, 27, 40, 30, 43,
    30, 43, 30, 43, 30, 43
};

/*Kern values between classes*/
static const int8_t kern_class_values[] =
{
    0, 0, 0, 0, 0, 0, 0, 0,
    0, 0, 0, 0, 0, 0, 0, 0,
    6, 0, 0, 0, 0, -8, 0, 0,
    0, 0, 0, 0, 0, 10, 0, 0,
    0, 0, 0, 0, 0, 0, 0, 0,
    0, 0, 0, 0, 0, 0, 0, 0,
    0, 0, 0, 0, 0, 0, 0, 0,
    0, 0, 0, 0, 0, 0, 0, 0,
    0, 0, 0, 0, 0, 0, -12, 0,
    0, 0, 0, 0, 0, 0, 0, 0,
    0, 0, 0, 0, 0, 0, 0, 0,
    0, 0, 0, 0, 0, 0, 0, 0,
    0, 0, 0, 0, 0, 0, 3, 0,
    0, 0, 0, 0, 0, 0, 0, 0,
    0, 0, 0, 0, 0, 0, 0, -4,
    0, 0, 0, -4, 0, -2, 0, -4,
    0, 0, 0, 0, 0, 0, 0, 0,
    0, 0, 0, -1, -1, 0, 0, 0,
    0, 0, 0, 0, 0, 0, 0, 0,
    0, 0, 0, 0, 0, 0, 0, 0,
    0, 0, 0, -2, 0, 0, 0, 0,
    -8, 0, 0, -8, -13, 0, -4, -6,
    -10, 0, 0, 0, 0, -9, 0, 0,
    0, 0, 0, 0, 0, 0, 0, 0,
    0, 0, 0, 0, 0, 0, 0, 0,
    0, 0, 0, 0, -4, 0, 0, 0,
    0, 0, 0, 0, 0, 0, 0, 6,
    0, 0, 0, 0, 0, -17, 0, 0,
    0, 0, 0, 0, 0, 0, 0, 0,
    0, 0, 0, 0, 0, 0, 0, 0,
    0, 0, 0, 0, 0, 0, 0, 0,
    0, 0, 0, 0, 0, 0, -25, 0,
    -10, -10, -12, 0, -12, 15, -8, 0,
    0, 0, 0, 0, 0, 0, 8, 0,
    10, 0, 12, 0, 0, 0, 0, 0,
    0, 0, 0, 0, 0, 0, 0, 0,
    0, 0, 0, 0, 0, 0, 0, 0,
    0, 0, 0, 0, 0, 0, 0, 0,
    0, 0, 0, -6, 0, 0, -2, 0,
    0, 0, 0, 0, 0, 0, 0, 0,
    0, 0, 0, 0, 0, 0, 0, 0,
    0, 0, 0, 0, 0, 0, 0, 0,
    0, 0, 0, 0, 0, 0, 0, 0,
    0, 0, 0, -2, 0, 0, 0, 0,
    -2, 0, 0, 0, 0, 0, 0, 0,
    0, 0, 0, 0, 0, 0, 0, 0,
    -8, 0, -6, -4, -8, 0, 0, 0,
    0, -12, 0, 0, 0, 0, 0, 0,
    -3, -2, 0, 0, 0, 0, 0, 0,
    0, 0, 0, 0, 0, 0, 0, 0,
    0, 0, 0, -4, 0, 0, 0, 0,
    -8, 4, 0, 0, 0, -4, 4, 0,
    0, -15, 0, -10, -8, -10, 0, 0,
    0, 0, 0, 0, 0, 0, 0, 0,
    0, 0, 0, 0, 0, 0, 0, 0,
    0, 0, 0, 0, 0, 0, 0, 0,
    0, 0, 0, 0, 0, 0, 0, 0,
    0, 0, 0, -4, 0, 0, 0, 0,
    0, 0, 0, 0, 0, 0, 0, 0,
    0, 0, 0, 0, 0, 0, 0, 0,
    0, 0, 0, 0, 0, 0, 0, 0,
    0, 0, 0, 0, 0, 0, 0, 0,
    0, 0, 0, 0, 0, 0, 0, 0,
    0, 0, -6, 0, -4, 0, 0, 0,
    0, 0, 0, 0, 0, 0, 0, 0,
    0, 0, 0, 0, 0, 0, 0, 0,
    0, 0, 0, 0, 0, 0, 0, 0,
    0, 0, 0, 0, 0, 0, 0, -10,
    0, 0, 0, 0, -8, 4, -4, -6,
    -15, 0, -10, 2, 0, 2, 0, 0,
    -13, 0, 5, -19, 4, 0, 0, 0,
    6, 0, 0, 0, -10, 0, 0, -10,
    -10, 0, -10, -10, -10, -10, -10, 0,
    -10, -10, -10, 0, 0, 0, 0, 0,
    0, 0, 0, 0, 0, 0, 0, 0,
    0, 0, 0, 0, -2, 0, 0, 0,
    0, 0, 0, 0, 0, 0, 0, 0,
    0, 0, 0, 0, 0, 0, 0, 0,
    0, 0, 0, 0, 0, 0, 0, 0,
    0, 0, 0, 0, 0, 0, 0, 0,
    0, 0, 0, 0, 0, 0, 0, 0,
    0, 0, 0, 0, 0, 4, 0, 0,
    0, 0, -10, 0, 4, 0, 0, 0,
    0, 0, 0, 0, 0, 0, 0, 0,
    0, 0, 0, 0, 0, 0, 0, 0,
    0, 0, 0, 0, 0, 0, 0, 0,
    0, 0, 0, 0, 0, 0, -8, 0,
    0, 0, 0, 0, 0, 0, 0, 0,
    0, 0, 0, 0, 0, 0, -17, 0,
    0, 0, 0, 0, 0, 0, 0, 0,
    0, 0, 0, 0, 0, 0, 0, 0,
    0, 0, 0, 0, 0, 0, 0, 0,
    -8, -4, -4, -8, -8, 0, 0, 0,
    0, 0, 0, 0, 0, 0, -4, 0,
    0, 0, 0, 0, 0, 0, 0, 0,
    -17, 0, -17, 0, -15, 0, 0, -8,
    0, 0, 0, 0, 0, -2, -4, -12,
    0, -12, 0, 0, -2, 0, 0, 0,
    0, 0, 0, 0, 0, 0, 0, 0,
    0, 0, 0, 0, 0, 0, 0, 0,
    -2, 0, 0, 0, 0, -8, 0, 0,
    -8, -13, 0, 0, -6, -10, 0, 0,
    0, 0, -9, 0, 0, 0, 0, 0,
    0, 0, 0, 0, 0, 0, 0, 0,
    0, 0, 0, 0, -2, 0, 0, 0,
    0, 0, 0, 0, 0, 0, 0, 0,
    -2, 0, 0, 0, 0, 0, 0, 0,
    0, 0, 0, 0, 0, 0, 0, 0,
    0, 0, 0, 0, 0, 0, 0, 0,
    0, 0, 0, 0, 0, 0, 0, 0,
    0, 0, 0, 0, 0, 0, -4, 0,
    0, 0, 0, 0, 0, -8, 0, -12,
    0, -10, 0, 0, 0, 0, 0, -15,
    0, 0, -21, 0, 0, 0, 0, 0,
    0, 0, 0, 0, 0, 0, -10, 0,
    0, 0, 0, 0, 0, -10, 0, -10,
    0, 0, 0, 0, 0, 0, 0, 0,
    0, 0, 0, 0, 0, 0, 2, 8,
    8, 0, 0, 0, 4, 6, 0, 0,
    0, 0, 0, 0, 0, 0, 0, 0,
    0, 0, 0, 0, 0, -4, 0, 0,
    0, 0, 0, 0, 0, 0, 0, 0,
    0, 0, 0, 0, 0, 0, 0, 0,
    0, 0, 0, 0, 0, 0, 0, 0,
    0, 0, 0, 0, 0, 0, 0, 0,
    0, -3, 0, 0, 0, 0, 0, 4,
    0, 6, 0, 0, 0, 0, 0, 0,
    0, 0, 0, 0, 0, 0, 0, 0,
    0, 0, 0, 0, 0, 0, 0, 0,
    -6, -12, 0, 0, 0, 0, 0, 0,
    0, 0, -12, 0, -10, 0, 0, 0,
    0, 0, 0, 0, 0, 0, 0, 0,
    0, 0, 0, 0, 0, 0, 0, 0,
    0, 0, 0, -8, -10, -13, 0, -13,
    0, 0, -8, 0, 0, 0, 0, 0,
    0, 0, -13, 0, 0, 0, 0, 0,
    0, 0, 0, -17, 0, -8, 0, 0,
    0, 0, 0, 0, 0, 0, 0, -31,
    0, -23, 0, -29, 0, 0, 0, 0,
    0, 0, 0, 0, 0, -6, -13, 0,
    -12, 0, 0, 0, 0, 0, 0, 0,
    0, 0, 0, 0, 0, 0, 0, 0,
    0, 0, 0, 0, 0, 0, -4, 0,
    0, 0, 0, 0, -13, 0, 0, -17,
    -6, 0, 0, 0, 0, 0, 0, 0,
    0, -2, 0, 0, 0, 0, 0, 0,
    0, 0, 0, 0, 0, 0, 0, 0,
    0, 0, 0, -2, -4, 0, 0, 0,
    0, 0, 0, 0, 0, -10, 0, -10,
    -6, 0, 0, 0, 0, 0, 0, 0,
    0, -6, -6, -6, 0, -8, 0, 0,
    0, 0, 0, 0, 0, 0, 0, -10,
    -6, 0, -6, 0, 0, 0, 0, 0,
    0, 0, 0, 0, -4, -13, 0, 0,
    0, -17, -10, 0, 0, 0, -21, 0,
    -17, 4, 0, 0, 0, 0, -15, 0,
    -2, -25, 0, 0, 0, 0, 2, 0,
    0, 0, 0, 0, -12, -13, 0, 0,
    -19, -21, -15, -17, -15, 0, -17, 0,
    6, 0, 0, 0, 0, 0, -4, 0,
    0, 0, 0, -21, 0, 0, 0, -13,
    0, -9, 0, 0, 0, 0, 0, -17,
    0, 0, -21, 0, 0, 4, 0, 4,
    0, 0, 0, 0, 0, -6, 0, -10,
    0, -8, 0, 0, -4, 0, 0, -12,
    10, 0, 0, 0, 0, 0, 0, -6,
    0, 0, 0, 0, 0, 0, 0, 0,
    -8, 0, -8, 0, 0, 0, 0, 0,
    0, 0, 0, 0, 0, 0, 0, 0,
    0, 0, 0, 0, 0, 0, 0, 0,
    0, 0, -6, 0, 0, -12, 0, 0,
    0, 0, 0, 0, 0, 0, 0, -4,
    -10, 0, 0, 0, 0, -17, 0, 0,
    0, -19, 0, -19, 0, 0, -8, 0,
    0, -15, 0, 0, -21, 2, 0, 4,
    0, 0, 0, 0, 0, 0, -2, -13,
    0, 0, 0, -15, -10, 0, 0, 0,
    0, -17, 0, 0, 0, 0, 0, 0,
    0, 0, 0, 0, 0, 0, 0, 0,
    0, 0, 0, 0, 0, 0, 0, 0,
    0, 0, 0, 0, 0, 0, 0, 0,
    0, 0, 0, 0, 0, 0, 0, 0,
    0, 0, 0, 0, -6, 0, 0, 0,
    0, 0, 0, 0, 0, 0, 0, 0,
    0, 0, 0, 0, 0, 0, 0, 0,
    0, 0, 0, 0, 0, 0, 0, 0,
    0, 0, 0, 0, 0, 0, 0, 0,
    0, 0, 0, 0, 0, -25, 0, 0,
    0, 0, 0, 0, 0, 0, 0, 0,
    0, 0, 0, 0, 0, 0, 0, 0,
    0, 0, 0, 0, 0, 0, 0, 0,
    0, 0, 0, 0, 0, 0, 0, 0,
    0, 0, 0, 0, 0, 0, 0, 0,
    -15, 0, -6, 0, -8, 0, 0, -2,
    0, 0, 0, 0, 0, -4, 0, -4,
    0, -3, 0, 0, 0, 0, 0, 0,
    0, 0, 0, 0, 0, 0, 0, 0,
    0, 0, 0, 0, 0, 0, 0, -1,
    -8, 0, 0, 0, 0, -4, 0, 0,
    0, -17, 0, -7, -8, -15, 0, 0,
    0, 0, -4, 0, 0, 0, -2, 0,
    -4, -6, -7, 0, 0, -2, 0, 0,
    0, 0, 0, 0, 0, 0, 0, 0,
    0, 0, 0, 0, 0, 0, 0, 0,
    0, 0, 0, 0, 0, 0, 0, 0,
    0, 0, -17, 0, 0, 0, -17, 0,
    0, 0, 0, -12, 0, 0, 0, 0,
    0, -4, 0, -6, 0, 0, -4, 0,
    0, 0, 0, 0, 0, 0, 0, 0,
    0, 0, 0, 0, 0, 0, 0, 0,
    0, -6, 0, 0, 0, 0, 0, 0,
    0, 0, 0, 0, 0, 0, 0, 0,
    0, 0, 0, 0, 0, 0, 0, 0,
    0, 0, 0, 0, 0, 0, 0, -8,
    0, 0, 0, 0, 0, 0, 0, 0,
    0, 0, 0, 0, 0, 0, 0, 0,
    0, 0, -4, 0, 0, 0, 0, 0,
    0, 0, 0, 0, 0, 0, 0, 0,
    -13, 0, 0, 0, 0, 6, 0, 0,
    0, 0, 0, 0, 0, 0, 0, 0,
    0, 0, 0, 0, 0, 0, 0, 0,
    0, 0, 0, 0, 0, 0, 0, 0,
    0, 0, 0, 0, -12, 0, 0, 0,
    0, 0, 0, 0, 0, -17, 0, 0,
    0, -13, 0, 0, 0, 0, -2, 0,
    0, 0, -4, 0, -4, 0, -6, 0,
    0, 0, 0, 0, 0, 0, 0, 0,
    0, 0, 0, 0, 0, 0, 0, 0,
    0, 0, 0, 0, -4, 0, 0, 0,
    0, 0, 0, 0, 0, 0, 0, 0,
    0, 0, -6, 0, 0, 0, 0, 6,
    0, 0, 0, 0, 0, 0, 0, 0,
    0, 0, 0, 0, 0, 0, 0, 0,
    0, 0, 0, 0, 0, 0, 0, 0,
    0, 0, 0, 0, 0, -9, 0, 0,
    0, 0, 0, -2, 0, 0, 0, -6,
    0, -4, 0, -13, 0, 0, 0, 0,
    0, 0, 0, -4, 0, 0, 0, 0,
    0, 0, 0, -5, 0, 0, 0, 0,
    0, 0, 0, 0, 0, 0, 0, 0,
    0, 0, 0, 0, 0, 0, 0, 0,
    0, 0, 0, 0, 0, 0, 0, 0,
    0, 0, 0, 0, -13, 0, 0, 0,
    0, 0, 0, 0, 0, 0, 0, 0,
    0, 0, 0, 0, 0, 0, 0, 0,
    0, 0, 0, 0, 0, 0, 0, 0,
    0, 0, 0, 0, 0, 0, 0, -8,
    0, 0, 0, 0, 0, 0, 0, 0,
    -12, -8, 0, 0, 0, -4, 0, 0,
    2, 4, 0, 0, 0, 0, 0, 0,
    0, 8, 0, 0, 0, -6, 4, 4,
    0, 0, 0, 0, 0, 0, 0, 0,
    0, 0, 0, 0, 0, 0, 0, 0,
    -2, 0, 0, 0, 0, 0, 0, 0,
    0, 0, 0, 0, 0, 0, -15, 0,
    0, 0, 0, 0, 0, 0, 0, -2,
    0, -4, 0, -4, 0, 0, 0, 0,
    0, 0, 0, 0, 0, 0, -2, 0,
    0, 0, 0, 0, 0, 0, 0, 0,
    0, -4, 0, 0, 0, 0, 0, 0,
    0, 2, 0, 0, 0, 0, 0, -15,
    0, 0, -8, 0, 0, 0, 0, 0,
    -2, 0, 0, 0, -2, 0, 0, 0,
    0, 0, 0, 0, 0, 0, 0, 0,
    0, 0, 0, 0, 0, 0, 0, 0,
    0, 0, 0, 0, 0, 0, 0, 0,
    0, 0, 0, 0, 0, 0, 0, 0,
    -10, 0, 0, 0, 0, 0, 0, 0,
    0, 0, 0, 2, 0, 0, 0, 0,
    0, 0, 0, 0, 0, 0, 0, 0,
    0, 0, 0, 0, 0, 0, 0, 0,
    0, 0, 0, -4, 0, 0, 0, 0,
    0, 0, 0, 0, -10, 0, 0, 0,
    0, -12, 0, 0, 0, 0, 0, 0,
    0, -2, 2, 0, 6, 4, 0, -6,
    0, -5, 0, 0, 0, 0, 0, 0,
    0, 0, 0, 0, 0, 0, 0, 0,
    0, 0, 0, 0, -6, 0, 0, 0,
    0, 0, 0, 0, 0, 0, -15, 0,
    0, 0, -8, 0, 0, 0, 0, 0,
    0, 0, 0, 0, 0, 0, 0, 0,
    0, 0, -4, 0, 0, 0, 0, 0,
    0, 0, 0, 0, 0, 0, 0, 0,
    0, 0, 0, 0, 0, -7, 0, 0,
    0, 0, 0, 0, 0, 0, 0, 0,
    0, 0, 0, 0, 0, 0, 0, 0,
    0, 0, 0, -2, 4, 0, 0, 0,
    0, 0, 0, 0, 0, 0, 0, 0,
    0, 0, 0, 0, 0, 0, 0, 0,
    0, 0, 0, 0, 0, 0, -2, 0,
    0, 0, 0, 0, 0, 0, 0, 0,
    0, 0, 0, 0, -10, 0, 0, 0,
    0, 6, 0, 0, 0, 0, 0, 6,
    0, 0, 0, 0, 0, 0, 0, 0,
    0, 0, 0, 0, 0, 0, 0, 0,
    0, 0, 0, 0, 0, 0, 0, 0,
    0, 0, 0, 0, 0, 0, 0, 0,
    0, -17, 0, 0, 0, -17, 0, 0,
    0, 0, -12, 0, 0, 0, 0, 0,
    -4, 0, 0, 0, 0, -4, 0, 0,
    0, 0, 0, 0, 0, 0, 0, 0,
    4, 0, 0, 0, 0, 0, 0, 0,
    4, 0, 0, 0, 0, 0, 0, 8,
    0, 0, 0, 0, 6, 0, 0, 0,
    0, 2, 8, 0, 0, 0, 0, 0,
    0, 0, 0, 0, 0, 0, 0, 4,
    8, 0, 0, 0, 0, 0, -2, 0,
    0, 0, 0, 0, 0, 0, 0, 0,
    0, -4, 0, 0, 0, 0, 0, 0,
    0, 0, 0, 0, 0, 0, 0, -15,
    0, 0, -8, 0, 0, 0, 0, 0,
    -2, 0, 0, 0, -6, 0, 0, 0,
    0, 0, 0, 15, 15, 0, 12, 12,
    17, 15, 12, 0, 0, 0, 0, 0,
    0, 8, 3, 0, 0, 0, 0, 19,
    0, 12, 8, 0, 12, 6, 10, 0,
    0, 10, 0, 10, 12, 0, 8, 0,
    4, 10, 6, 12, 14, 12, 15, 0,
    6, 12, 12, 10, 0, 13, 0, 0,
    0, 13, 6, 0, 0, 0, 0, 0,
    0, 0, 0, 0, 8, 0, 0, 0,
    0, 0, 8, 6, 0, 12, 6, 15,
    12, 13, 12, 0, 0, 10, 12, 0,
    0, 0, 10, 0, 0, 0, 0, 0,
    8, 0, 10, 10, 0
};


/*Collect the kern class' data in one place*/
static const lv_font_fmt_txt_kern_classes_t kern_classes =
{
    .class_pair_values   = kern_class_values,
    .left_class_mapping  = kern_left_class_mapping,
    .right_class_mapping = kern_right_class_mapping,
    .left_class_cnt      = 53,
    .right_class_cnt     = 49,
};

/*--------------------
 *  ALL CUSTOM DATA
 *--------------------*/

#if LVGL_VERSION_MAJOR == 8
/*Store all the custom data of the font*/
static  lv_font_fmt_txt_glyph_cache_t cache;
#endif

#if LVGL_VERSION_MAJOR >= 8
static const lv_font_fmt_txt_dsc_t font_dsc = {
#else
static lv_font_fmt_txt_dsc_t font_dsc = {
#endif
    .glyph_bitmap = glyph_bitmap,
    .glyph_dsc = glyph_dsc,
    .cmaps = cmaps,
    .kern_dsc = &kern_classes,
    .kern_scale = 16,
    .cmap_num = 6,
    .bpp = 4,
    .kern_classes = 1,
    .bitmap_format = 0,
#if LVGL_VERSION_MAJOR == 8
    .cache = &cache
#endif

};



/*-----------------
 *  PUBLIC FONT
 *----------------*/

/*Initialize a public general font descriptor*/
#if LVGL_VERSION_MAJOR >= 8
const lv_font_t font_inter_12 = {
#else
lv_font_t font_inter_12 = {
#endif
    .get_glyph_dsc = lv_font_get_glyph_dsc_fmt_txt,    /*Function pointer to get glyph's data*/
    .get_glyph_bitmap = lv_font_get_bitmap_fmt_txt,    /*Function pointer to get glyph's bitmap*/
    .line_height = 20,          /*The maximum line height required by the font*/
    .base_line = 4,             /*Baseline measured from the bottom of the line*/
#if !(LVGL_VERSION_MAJOR == 6 && LVGL_VERSION_MINOR == 0)
    .subpx = LV_FONT_SUBPX_NONE,
#endif
#if LV_VERSION_CHECK(7, 4, 0) || LVGL_VERSION_MAJOR >= 8
    .underline_position = -1,
    .underline_thickness = 1,
#endif
    .static_bitmap = 0,
    .dsc = &font_dsc,          /*The custom font data. Will be accessed by `get_glyph_bitmap/dsc` */
#if LV_VERSION_CHECK(8, 2, 0) || LVGL_VERSION_MAJOR >= 9
    .fallback = NULL,
#endif
    .user_data = NULL,
};



#endif /*#if FONT_INTER_12*/
